Well,Well Position,Sample Name,Sample Color,Biogroup Name,Biogroup Color,Target Name,Target Color,Task,Reporter,Quencher,Quantity,Comments
1,A1,Sample_01,"""RGB(255,0,0)""",,,GYPC1,"""RGB(30,136,229)""",UNKNOWN,CY5,NFQ-MGB,,
1,A1,Sample_01,"""RGB(255,0,0)""",,,ZSCAN12,"""RGB(67,160,71)""",UNKNOWN,VIC,NFQ-MGB,,
2,A2,Sample_08,"""RGB(255,36,0)""",,,GYPC1,"""RGB(30,136,229)""",UNKNOWN,CY5,NFQ-MGB,,
2,A2,Sample_08,"""RGB(255,36,0)""",,,ZSCAN12,"""RGB(67,160,71)""",UNKNOWN,VIC,NFQ-MGB,,
3,A3,Sample_15,"""RGB(255,73,0)""",,,GYPC1,"""RGB(30,136,229)""",UNKNOWN,CY5,NFQ-MGB,,
3,A3,Sample_15,"""RGB(255,73,0)""",,,ZSCAN12,"""RGB(67,160,71)""",UNKNOWN,VIC,NFQ-MGB,,
4,A4,Sample_22,"""RGB(255,109,0)""",,,GYPC1,"""RGB(30,136,229)""",UNKNOWN,CY5,NFQ-MGB,,
4,A4,Sample_22,"""RGB(255,109,0)""",,,ZSCAN12,"""RGB(67,160,71)""",UNKNOWN,VIC,NFQ-MGB,,
5,A5,Sample_29,"""RGB(255,146,0)""",,,GYPC1,"""RGB(30,136,229)""",UNKNOWN,CY5,NFQ-MGB,,
5,A5,Sample_29,"""RGB(255,146,0)""",,,ZSCAN12,"""RGB(67,160,71)""",UNKNOWN,VIC,NFQ-MGB,,
6,A6,Sample_36,"""RGB(255,182,0)""",,,GYPC1,"""RGB(30,136,229)""",UNKNOWN,CY5,NFQ-MGB,,
6,A6,Sample_36,"""RGB(255,182,0)""",,,ZSCAN12,"""RGB(67,160,71)""",UNKNOWN,VIC,NFQ-MGB,,
7,A7,Sample_01,"""RGB(255,0,0)""",,,DPP6,"""RGB(124,179,66)""",UNKNOWN,VIC,NFQ-MGB,,
7,A7,Sample_01,"""RGB(255,0,0)""",,,GYPC2,"""RGB(0,172,193)""",UNKNOWN,CY5,NFQ-MGB,,
8,A8,Sample_08,"""RGB(255,36,0)""",,,DPP6,"""RGB(124,179,66)""",UNKNOWN,VIC,NFQ-MGB,,
8,A8,Sample_08,"""RGB(255,36,0)""",,,GYPC2,"""RGB(0,172,193)""",UNKNOWN,CY5,NFQ-MGB,,
9,A9,Sample_15,"""RGB(255,73,0)""",,,DPP6,"""RGB(124,179,66)""",UNKNOWN,VIC,NFQ-MGB,,
9,A9,Sample_15,"""RGB(255,73,0)""",,,GYPC2,"""RGB(0,172,193)""",UNKNOWN,CY5,NFQ-MGB,,
10,A10,Sample_22,"""RGB(255,109,0)""",,,DPP6,"""RGB(124,179,66)""",UNKNOWN,VIC,NFQ-MGB,,
10,A10,Sample_22,"""RGB(255,109,0)""",,,GYPC2,"""RGB(0,172,193)""",UNKNOWN,CY5,NFQ-MGB,,
11,A11,Sample_29,"""RGB(255,146,0)""",,,DPP6,"""RGB(124,179,66)""",UNKNOWN,VIC,NFQ-MGB,,
11,A11,Sample_29,"""RGB(255,146,0)""",,,GYPC2,"""RGB(0,172,193)""",UNKNOWN,CY5,NFQ-MGB,,
12,A12,Sample_36,"""RGB(255,182,0)""",,,DPP6,"""RGB(124,179,66)""",UNKNOWN,VIC,NFQ-MGB,,
12,A12,Sample_36,"""RGB(255,182,0)""",,,GYPC2,"""RGB(0,172,193)""",UNKNOWN,CY5,NFQ-MGB,,
13,A13,Sample_01,"""RGB(255,0,0)""",,,GSX1,"""RGB(0,137,123)""",UNKNOWN,VIC,NFQ-MGB,,
13,A13,Sample_01,"""RGB(255,0,0)""",,,RALYL,"""RGB(67,160,71)""",UNKNOWN,CY5,NFQ-MGB,,
14,A14,Sample_08,"""RGB(255,36,0)""",,,GSX1,"""RGB(0,137,123)""",UNKNOWN,VIC,NFQ-MGB,,
14,A14,Sample_08,"""RGB(255,36,0)""",,,RALYL,"""RGB(67,160,71)""",UNKNOWN,CY5,NFQ-MGB,,
15,A15,Sample_15,"""RGB(255,73,0)""",,,GSX1,"""RGB(0,137,123)""",UNKNOWN,VIC,NFQ-MGB,,
15,A15,Sample_15,"""RGB(255,73,0)""",,,RALYL,"""RGB(67,160,71)""",UNKNOWN,CY5,NFQ-MGB,,
16,A16,Sample_22,"""RGB(255,109,0)""",,,GSX1,"""RGB(0,137,123)""",UNKNOWN,VIC,NFQ-MGB,,
16,A16,Sample_22,"""RGB(255,109,0)""",,,RALYL,"""RGB(67,160,71)""",UNKNOWN,CY5,NFQ-MGB,,
17,A17,Sample_29,"""RGB(255,146,0)""",,,GSX1,"""RGB(0,137,123)""",UNKNOWN,VIC,NFQ-MGB,,
17,A17,Sample_29,"""RGB(255,146,0)""",,,RALYL,"""RGB(67,160,71)""",UNKNOWN,CY5,NFQ-MGB,,
18,A18,Sample_36,"""RGB(255,182,0)""",,,GSX1,"""RGB(0,137,123)""",UNKNOWN,VIC,NFQ-MGB,,
18,A18,Sample_36,"""RGB(255,182,0)""",,,RALYL,"""RGB(67,160,71)""",UNKNOWN,CY5,NFQ-MGB,,
19,A19,Sample_01,"""RGB(255,0,0)""",,,COL2A1,"""RGB(216,27,96)""",UNKNOWN,FAM,NFQ-MGB,,
19,A19,Sample_01,"""RGB(255,0,0)""",,,ImC,"""RGB(192,202,51)""",UNKNOWN,VIC,NFQ-MGB,,
19,A19,Sample_01,"""RGB(255,0,0)""",,,EpC,"""RGB(0,137,123)""",UNKNOWN,CY5,NFQ-MGB,,
20,A20,Sample_08,"""RGB(255,36,0)""",,,COL2A1,"""RGB(216,27,96)""",UNKNOWN,FAM,NFQ-MGB,,
20,A20,Sample_08,"""RGB(255,36,0)""",,,ImC,"""RGB(192,202,51)""",UNKNOWN,VIC,NFQ-MGB,,
20,A20,Sample_08,"""RGB(255,36,0)""",,,EpC,"""RGB(0,137,123)""",UNKNOWN,CY5,NFQ-MGB,,
21,A21,Sample_15,"""RGB(255,73,0)""",,,COL2A1,"""RGB(216,27,96)""",UNKNOWN,FAM,NFQ-MGB,,
21,A21,Sample_15,"""RGB(255,73,0)""",,,ImC,"""RGB(192,202,51)""",UNKNOWN,VIC,NFQ-MGB,,
21,A21,Sample_15,"""RGB(255,73,0)""",,,EpC,"""RGB(0,137,123)""",UNKNOWN,CY5,NFQ-MGB,,
22,A22,Sample_22,"""RGB(255,109,0)""",,,COL2A1,"""RGB(216,27,96)""",UNKNOWN,FAM,NFQ-MGB,,
22,A22,Sample_22,"""RGB(255,109,0)""",,,ImC,"""RGB(192,202,51)""",UNKNOWN,VIC,NFQ-MGB,,
22,A22,Sample_22,"""RGB(255,109,0)""",,,EpC,"""RGB(0,137,123)""",UNKNOWN,CY5,NFQ-MGB,,
23,A23,Sample_29,"""RGB(255,146,0)""",,,COL2A1,"""RGB(216,27,96)""",UNKNOWN,FAM,NFQ-MGB,,
23,A23,Sample_29,"""RGB(255,146,0)""",,,ImC,"""RGB(192,202,51)""",UNKNOWN,VIC,NFQ-MGB,,
23,A23,Sample_29,"""RGB(255,146,0)""",,,EpC,"""RGB(0,137,123)""",UNKNOWN,CY5,NFQ-MGB,,
24,A24,Sample_36,"""RGB(255,182,0)""",,,COL2A1,"""RGB(216,27,96)""",UNKNOWN,FAM,NFQ-MGB,,
24,A24,Sample_36,"""RGB(255,182,0)""",,,ImC,"""RGB(192,202,51)""",UNKNOWN,VIC,NFQ-MGB,,
24,A24,Sample_36,"""RGB(255,182,0)""",,,EpC,"""RGB(0,137,123)""",UNKNOWN,CY5,NFQ-MGB,,
25,B1,Sample_01,"""RGB(255,0,0)""",,,GYPC1,"""RGB(30,136,229)""",UNKNOWN,CY5,NFQ-MGB,,
25,B1,Sample_01,"""RGB(255,0,0)""",,,ZSCAN12,"""RGB(67,160,71)""",UNKNOWN,VIC,NFQ-MGB,,
26,B2,Sample_08,"""RGB(255,36,0)""",,,GYPC1,"""RGB(30,136,229)""",UNKNOWN,CY5,NFQ-MGB,,
26,B2,Sample_08,"""RGB(255,36,0)""",,,ZSCAN12,"""RGB(67,160,71)""",UNKNOWN,VIC,NFQ-MGB,,
27,B3,Sample_15,"""RGB(255,73,0)""",,,GYPC1,"""RGB(30,136,229)""",UNKNOWN,CY5,NFQ-MGB,,
27,B3,Sample_15,"""RGB(255,73,0)""",,,ZSCAN12,"""RGB(67,160,71)""",UNKNOWN,VIC,NFQ-MGB,,
28,B4,Sample_22,"""RGB(255,109,0)""",,,GYPC1,"""RGB(30,136,229)""",UNKNOWN,CY5,NFQ-MGB,,
28,B4,Sample_22,"""RGB(255,109,0)""",,,ZSCAN12,"""RGB(67,160,71)""",UNKNOWN,VIC,NFQ-MGB,,
29,B5,Sample_29,"""RGB(255,146,0)""",,,GYPC1,"""RGB(30,136,229)""",UNKNOWN,CY5,NFQ-MGB,,
29,B5,Sample_29,"""RGB(255,146,0)""",,,ZSCAN12,"""RGB(67,160,71)""",UNKNOWN,VIC,NFQ-MGB,,
30,B6,Sample_36,"""RGB(255,182,0)""",,,GYPC1,"""RGB(30,136,229)""",UNKNOWN,CY5,NFQ-MGB,,
30,B6,Sample_36,"""RGB(255,182,0)""",,,ZSCAN12,"""RGB(67,160,71)""",UNKNOWN,VIC,NFQ-MGB,,
31,B7,Sample_01,"""RGB(255,0,0)""",,,DPP6,"""RGB(124,179,66)""",UNKNOWN,VIC,NFQ-MGB,,
31,B7,Sample_01,"""RGB(255,0,0)""",,,GYPC2,"""RGB(0,172,193)""",UNKNOWN,CY5,NFQ-MGB,,
32,B8,Sample_08,"""RGB(255,36,0)""",,,DPP6,"""RGB(124,179,66)""",UNKNOWN,VIC,NFQ-MGB,,
32,B8,Sample_08,"""RGB(255,36,0)""",,,GYPC2,"""RGB(0,172,193)""",UNKNOWN,CY5,NFQ-MGB,,
33,B9,Sample_15,"""RGB(255,73,0)""",,,DPP6,"""RGB(124,179,66)""",UNKNOWN,VIC,NFQ-MGB,,
33,B9,Sample_15,"""RGB(255,73,0)""",,,GYPC2,"""RGB(0,172,193)""",UNKNOWN,CY5,NFQ-MGB,,
34,B10,Sample_22,"""RGB(255,109,0)""",,,DPP6,"""RGB(124,179,66)""",UNKNOWN,VIC,NFQ-MGB,,
34,B10,Sample_22,"""RGB(255,109,0)""",,,GYPC2,"""RGB(0,172,193)""",UNKNOWN,CY5,NFQ-MGB,,
35,B11,Sample_29,"""RGB(255,146,0)""",,,DPP6,"""RGB(124,179,66)""",UNKNOWN,VIC,NFQ-MGB,,
35,B11,Sample_29,"""RGB(255,146,0)""",,,GYPC2,"""RGB(0,172,193)""",UNKNOWN,CY5,NFQ-MGB,,
36,B12,Sample_36,"""RGB(255,182,0)""",,,DPP6,"""RGB(124,179,66)""",UNKNOWN,VIC,NFQ-MGB,,
36,B12,Sample_36,"""RGB(255,182,0)""",,,GYPC2,"""RGB(0,172,193)""",UNKNOWN,CY5,NFQ-MGB,,
37,B13,Sample_01,"""RGB(255,0,0)""",,,GSX1,"""RGB(0,137,123)""",UNKNOWN,VIC,NFQ-MGB,,
37,B13,Sample_01,"""RGB(255,0,0)""",,,RALYL,"""RGB(67,160,71)""",UNKNOWN,CY5,NFQ-MGB,,
38,B14,Sample_08,"""RGB(255,36,0)""",,,GSX1,"""RGB(0,137,123)""",UNKNOWN,VIC,NFQ-MGB,,
38,B14,Sample_08,"""RGB(255,36,0)""",,,RALYL,"""RGB(67,160,71)""",UNKNOWN,CY5,NFQ-MGB,,
39,B15,Sample_15,"""RGB(255,73,0)""",,,GSX1,"""RGB(0,137,123)""",UNKNOWN,VIC,NFQ-MGB,,
39,B15,Sample_15,"""RGB(255,73,0)""",,,RALYL,"""RGB(67,160,71)""",UNKNOWN,CY5,NFQ-MGB,,
40,B16,Sample_22,"""RGB(255,109,0)""",,,GSX1,"""RGB(0,137,123)""",UNKNOWN,VIC,NFQ-MGB,,
40,B16,Sample_22,"""RGB(255,109,0)""",,,RALYL,"""RGB(67,160,71)""",UNKNOWN,CY5,NFQ-MGB,,
41,B17,Sample_29,"""RGB(255,146,0)""",,,GSX1,"""RGB(0,137,123)""",UNKNOWN,VIC,NFQ-MGB,,
41,B17,Sample_29,"""RGB(255,146,0)""",,,RALYL,"""RGB(67,160,71)""",UNKNOWN,CY5,NFQ-MGB,,
42,B18,Sample_36,"""RGB(255,182,0)""",,,GSX1,"""RGB(0,137,123)""",UNKNOWN,VIC,NFQ-MGB,,
42,B18,Sample_36,"""RGB(255,182,0)""",,,RALYL,"""RGB(67,160,71)""",UNKNOWN,CY5,NFQ-MGB,,
43,B19,Sample_01,"""RGB(255,0,0)""",,,COL2A1,"""RGB(216,27,96)""",UNKNOWN,FAM,NFQ-MGB,,
43,B19,Sample_01,"""RGB(255,0,0)""",,,ImC,"""RGB(192,202,51)""",UNKNOWN,VIC,NFQ-MGB,,
43,B19,Sample_01,"""RGB(255,0,0)""",,,EpC,"""RGB(0,137,123)""",UNKNOWN,CY5,NFQ-MGB,,
44,B20,Sample_08,"""RGB(255,36,0)""",,,COL2A1,"""RGB(216,27,96)""",UNKNOWN,FAM,NFQ-MGB,,
44,B20,Sample_08,"""RGB(255,36,0)""",,,ImC,"""RGB(192,202,51)""",UNKNOWN,VIC,NFQ-MGB,,
44,B20,Sample_08,"""RGB(255,36,0)""",,,EpC,"""RGB(0,137,123)""",UNKNOWN,CY5,NFQ-MGB,,
45,B21,Sample_15,"""RGB(255,73,0)""",,,COL2A1,"""RGB(216,27,96)""",UNKNOWN,FAM,NFQ-MGB,,
45,B21,Sample_15,"""RGB(255,73,0)""",,,ImC,"""RGB(192,202,51)""",UNKNOWN,VIC,NFQ-MGB,,
45,B21,Sample_15,"""RGB(255,73,0)""",,,EpC,"""RGB(0,137,123)""",UNKNOWN,CY5,NFQ-MGB,,
46,B22,Sample_22,"""RGB(255,109,0)""",,,COL2A1,"""RGB(216,27,96)""",UNKNOWN,FAM,NFQ-MGB,,
46,B22,Sample_22,"""RGB(255,109,0)""",,,ImC,"""RGB(192,202,51)""",UNKNOWN,VIC,NFQ-MGB,,
46,B22,Sample_22,"""RGB(255,109,0)""",,,EpC,"""RGB(0,137,123)""",UNKNOWN,CY5,NFQ-MGB,,
47,B23,Sample_29,"""RGB(255,146,0)""",,,COL2A1,"""RGB(216,27,96)""",UNKNOWN,FAM,NFQ-MGB,,
47,B23,Sample_29,"""RGB(255,146,0)""",,,ImC,"""RGB(192,202,51)""",UNKNOWN,VIC,NFQ-MGB,,
47,B23,Sample_29,"""RGB(255,146,0)""",,,EpC,"""RGB(0,137,123)""",UNKNOWN,CY5,NFQ-MGB,,
48,B24,Sample_36,"""RGB(255,182,0)""",,,COL2A1,"""RGB(216,27,96)""",UNKNOWN,FAM,NFQ-MGB,,
48,B24,Sample_36,"""RGB(255,182,0)""",,,ImC,"""RGB(192,202,51)""",UNKNOWN,VIC,NFQ-MGB,,
48,B24,Sample_36,"""RGB(255,182,0)""",,,EpC,"""RGB(0,137,123)""",UNKNOWN,CY5,NFQ-MGB,,
49,C1,Sample_02,"""RGB(255,219,0)""",,,GYPC1,"""RGB(30,136,229)""",UNKNOWN,CY5,NFQ-MGB,,
49,C1,Sample_02,"""RGB(255,219,0)""",,,ZSCAN12,"""RGB(67,160,71)""",UNKNOWN,VIC,NFQ-MGB,,
50,C2,Sample_09,"""RGB(255,255,0)""",,,GYPC1,"""RGB(30,136,229)""",UNKNOWN,CY5,NFQ-MGB,,
50,C2,Sample_09,"""RGB(255,255,0)""",,,ZSCAN12,"""RGB(67,160,71)""",UNKNOWN,VIC,NFQ-MGB,,
51,C3,Sample_16,"""RGB(219,255,0)""",,,GYPC1,"""RGB(30,136,229)""",UNKNOWN,CY5,NFQ-MGB,,
51,C3,Sample_16,"""RGB(219,255,0)""",,,ZSCAN12,"""RGB(67,160,71)""",UNKNOWN,VIC,NFQ-MGB,,
52,C4,Sample_23,"""RGB(182,255,0)""",,,GYPC1,"""RGB(30,136,229)""",UNKNOWN,CY5,NFQ-MGB,,
52,C4,Sample_23,"""RGB(182,255,0)""",,,ZSCAN12,"""RGB(67,160,71)""",UNKNOWN,VIC,NFQ-MGB,,
53,C5,Sample_30,"""RGB(146,255,0)""",,,GYPC1,"""RGB(30,136,229)""",UNKNOWN,CY5,NFQ-MGB,,
53,C5,Sample_30,"""RGB(146,255,0)""",,,ZSCAN12,"""RGB(67,160,71)""",UNKNOWN,VIC,NFQ-MGB,,
54,C6,Sample_37,"""RGB(109,255,0)""",,,GYPC1,"""RGB(30,136,229)""",UNKNOWN,CY5,NFQ-MGB,,
54,C6,Sample_37,"""RGB(109,255,0)""",,,ZSCAN12,"""RGB(67,160,71)""",UNKNOWN,VIC,NFQ-MGB,,
55,C7,Sample_02,"""RGB(255,219,0)""",,,DPP6,"""RGB(124,179,66)""",UNKNOWN,VIC,NFQ-MGB,,
55,C7,Sample_02,"""RGB(255,219,0)""",,,GYPC2,"""RGB(0,172,193)""",UNKNOWN,CY5,NFQ-MGB,,
56,C8,Sample_09,"""RGB(255,255,0)""",,,DPP6,"""RGB(124,179,66)""",UNKNOWN,VIC,NFQ-MGB,,
56,C8,Sample_09,"""RGB(255,255,0)""",,,GYPC2,"""RGB(0,172,193)""",UNKNOWN,CY5,NFQ-MGB,,
57,C9,Sample_16,"""RGB(219,255,0)""",,,DPP6,"""RGB(124,179,66)""",UNKNOWN,VIC,NFQ-MGB,,
57,C9,Sample_16,"""RGB(219,255,0)""",,,GYPC2,"""RGB(0,172,193)""",UNKNOWN,CY5,NFQ-MGB,,
58,C10,Sample_23,"""RGB(182,255,0)""",,,DPP6,"""RGB(124,179,66)""",UNKNOWN,VIC,NFQ-MGB,,
58,C10,Sample_23,"""RGB(182,255,0)""",,,GYPC2,"""RGB(0,172,193)""",UNKNOWN,CY5,NFQ-MGB,,
59,C11,Sample_30,"""RGB(146,255,0)""",,,DPP6,"""RGB(124,179,66)""",UNKNOWN,VIC,NFQ-MGB,,
59,C11,Sample_30,"""RGB(146,255,0)""",,,GYPC2,"""RGB(0,172,193)""",UNKNOWN,CY5,NFQ-MGB,,
60,C12,Sample_37,"""RGB(109,255,0)""",,,DPP6,"""RGB(124,179,66)""",UNKNOWN,VIC,NFQ-MGB,,
60,C12,Sample_37,"""RGB(109,255,0)""",,,GYPC2,"""RGB(0,172,193)""",UNKNOWN,CY5,NFQ-MGB,,
61,C13,Sample_02,"""RGB(255,219,0)""",,,GSX1,"""RGB(0,137,123)""",UNKNOWN,VIC,NFQ-MGB,,
61,C13,Sample_02,"""RGB(255,219,0)""",,,RALYL,"""RGB(67,160,71)""",UNKNOWN,CY5,NFQ-MGB,,
62,C14,Sample_09,"""RGB(255,255,0)""",,,GSX1,"""RGB(0,137,123)""",UNKNOWN,VIC,NFQ-MGB,,
62,C14,Sample_09,"""RGB(255,255,0)""",,,RALYL,"""RGB(67,160,71)""",UNKNOWN,CY5,NFQ-MGB,,
63,C15,Sample_16,"""RGB(219,255,0)""",,,GSX1,"""RGB(0,137,123)""",UNKNOWN,VIC,NFQ-MGB,,
63,C15,Sample_16,"""RGB(219,255,0)""",,,RALYL,"""RGB(67,160,71)""",UNKNOWN,CY5,NFQ-MGB,,
64,C16,Sample_23,"""RGB(182,255,0)""",,,GSX1,"""RGB(0,137,123)""",UNKNOWN,VIC,NFQ-MGB,,
64,C16,Sample_23,"""RGB(182,255,0)""",,,RALYL,"""RGB(67,160,71)""",UNKNOWN,CY5,NFQ-MGB,,
65,C17,Sample_30,"""RGB(146,255,0)""",,,GSX1,"""RGB(0,137,123)""",UNKNOWN,VIC,NFQ-MGB,,
65,C17,Sample_30,"""RGB(146,255,0)""",,,RALYL,"""RGB(67,160,71)""",UNKNOWN,CY5,NFQ-MGB,,
66,C18,Sample_37,"""RGB(109,255,0)""",,,GSX1,"""RGB(0,137,123)""",UNKNOWN,VIC,NFQ-MGB,,
66,C18,Sample_37,"""RGB(109,255,0)""",,,RALYL,"""RGB(67,160,71)""",UNKNOWN,CY5,NFQ-MGB,,
67,C19,Sample_02,"""RGB(255,219,0)""",,,COL2A1,"""RGB(216,27,96)""",UNKNOWN,FAM,NFQ-MGB,,
67,C19,Sample_02,"""RGB(255,219,0)""",,,ImC,"""RGB(192,202,51)""",UNKNOWN,VIC,NFQ-MGB,,
67,C19,Sample_02,"""RGB(255,219,0)""",,,EpC,"""RGB(0,137,123)""",UNKNOWN,CY5,NFQ-MGB,,
68,C20,Sample_09,"""RGB(255,255,0)""",,,COL2A1,"""RGB(216,27,96)""",UNKNOWN,FAM,NFQ-MGB,,
68,C20,Sample_09,"""RGB(255,255,0)""",,,ImC,"""RGB(192,202,51)""",UNKNOWN,VIC,NFQ-MGB,,
68,C20,Sample_09,"""RGB(255,255,0)""",,,EpC,"""RGB(0,137,123)""",UNKNOWN,CY5,NFQ-MGB,,
69,C21,Sample_16,"""RGB(219,255,0)""",,,COL2A1,"""RGB(216,27,96)""",UNKNOWN,FAM,NFQ-MGB,,
69,C21,Sample_16,"""RGB(219,255,0)""",,,ImC,"""RGB(192,202,51)""",UNKNOWN,VIC,NFQ-MGB,,
69,C21,Sample_16,"""RGB(219,255,0)""",,,EpC,"""RGB(0,137,123)""",UNKNOWN,CY5,NFQ-MGB,,
70,C22,Sample_23,"""RGB(182,255,0)""",,,COL2A1,"""RGB(216,27,96)""",UNKNOWN,FAM,NFQ-MGB,,
70,C22,Sample_23,"""RGB(182,255,0)""",,,ImC,"""RGB(192,202,51)""",UNKNOWN,VIC,NFQ-MGB,,
70,C22,Sample_23,"""RGB(182,255,0)""",,,EpC,"""RGB(0,137,123)""",UNKNOWN,CY5,NFQ-MGB,,
71,C23,Sample_30,"""RGB(146,255,0)""",,,COL2A1,"""RGB(216,27,96)""",UNKNOWN,FAM,NFQ-MGB,,
71,C23,Sample_30,"""RGB(146,255,0)""",,,ImC,"""RGB(192,202,51)""",UNKNOWN,VIC,NFQ-MGB,,
71,C23,Sample_30,"""RGB(146,255,0)""",,,EpC,"""RGB(0,137,123)""",UNKNOWN,CY5,NFQ-MGB,,
72,C24,Sample_37,"""RGB(109,255,0)""",,,COL2A1,"""RGB(216,27,96)""",UNKNOWN,FAM,NFQ-MGB,,
72,C24,Sample_37,"""RGB(109,255,0)""",,,ImC,"""RGB(192,202,51)""",UNKNOWN,VIC,NFQ-MGB,,
72,C24,Sample_37,"""RGB(109,255,0)""",,,EpC,"""RGB(0,137,123)""",UNKNOWN,CY5,NFQ-MGB,,
73,D1,Sample_02,"""RGB(255,219,0)""",,,GYPC1,"""RGB(30,136,229)""",UNKNOWN,CY5,NFQ-MGB,,
73,D1,Sample_02,"""RGB(255,219,0)""",,,ZSCAN12,"""RGB(67,160,71)""",UNKNOWN,VIC,NFQ-MGB,,
74,D2,Sample_09,"""RGB(255,255,0)""",,,GYPC1,"""RGB(30,136,229)""",UNKNOWN,CY5,NFQ-MGB,,
74,D2,Sample_09,"""RGB(255,255,0)""",,,ZSCAN12,"""RGB(67,160,71)""",UNKNOWN,VIC,NFQ-MGB,,
75,D3,Sample_16,"""RGB(219,255,0)""",,,GYPC1,"""RGB(30,136,229)""",UNKNOWN,CY5,NFQ-MGB,,
75,D3,Sample_16,"""RGB(219,255,0)""",,,ZSCAN12,"""RGB(67,160,71)""",UNKNOWN,VIC,NFQ-MGB,,
76,D4,Sample_23,"""RGB(182,255,0)""",,,GYPC1,"""RGB(30,136,229)""",UNKNOWN,CY5,NFQ-MGB,,
76,D4,Sample_23,"""RGB(182,255,0)""",,,ZSCAN12,"""RGB(67,160,71)""",UNKNOWN,VIC,NFQ-MGB,,
77,D5,Sample_30,"""RGB(146,255,0)""",,,GYPC1,"""RGB(30,136,229)""",UNKNOWN,CY5,NFQ-MGB,,
77,D5,Sample_30,"""RGB(146,255,0)""",,,ZSCAN12,"""RGB(67,160,71)""",UNKNOWN,VIC,NFQ-MGB,,
78,D6,Sample_37,"""RGB(109,255,0)""",,,GYPC1,"""RGB(30,136,229)""",UNKNOWN,CY5,NFQ-MGB,,
78,D6,Sample_37,"""RGB(109,255,0)""",,,ZSCAN12,"""RGB(67,160,71)""",UNKNOWN,VIC,NFQ-MGB,,
79,D7,Sample_02,"""RGB(255,219,0)""",,,DPP6,"""RGB(124,179,66)""",UNKNOWN,VIC,NFQ-MGB,,
79,D7,Sample_02,"""RGB(255,219,0)""",,,GYPC2,"""RGB(0,172,193)""",UNKNOWN,CY5,NFQ-MGB,,
80,D8,Sample_09,"""RGB(255,255,0)""",,,DPP6,"""RGB(124,179,66)""",UNKNOWN,VIC,NFQ-MGB,,
80,D8,Sample_09,"""RGB(255,255,0)""",,,GYPC2,"""RGB(0,172,193)""",UNKNOWN,CY5,NFQ-MGB,,
81,D9,Sample_16,"""RGB(219,255,0)""",,,DPP6,"""RGB(124,179,66)""",UNKNOWN,VIC,NFQ-MGB,,
81,D9,Sample_16,"""RGB(219,255,0)""",,,GYPC2,"""RGB(0,172,193)""",UNKNOWN,CY5,NFQ-MGB,,
82,D10,Sample_23,"""RGB(182,255,0)""",,,DPP6,"""RGB(124,179,66)""",UNKNOWN,VIC,NFQ-MGB,,
82,D10,Sample_23,"""RGB(182,255,0)""",,,GYPC2,"""RGB(0,172,193)""",UNKNOWN,CY5,NFQ-MGB,,
83,D11,Sample_30,"""RGB(146,255,0)""",,,DPP6,"""RGB(124,179,66)""",UNKNOWN,VIC,NFQ-MGB,,
83,D11,Sample_30,"""RGB(146,255,0)""",,,GYPC2,"""RGB(0,172,193)""",UNKNOWN,CY5,NFQ-MGB,,
84,D12,Sample_37,"""RGB(109,255,0)""",,,DPP6,"""RGB(124,179,66)""",UNKNOWN,VIC,NFQ-MGB,,
84,D12,Sample_37,"""RGB(109,255,0)""",,,GYPC2,"""RGB(0,172,193)""",UNKNOWN,CY5,NFQ-MGB,,
85,D13,Sample_02,"""RGB(255,219,0)""",,,GSX1,"""RGB(0,137,123)""",UNKNOWN,VIC,NFQ-MGB,,
85,D13,Sample_02,"""RGB(255,219,0)""",,,RALYL,"""RGB(67,160,71)""",UNKNOWN,CY5,NFQ-MGB,,
86,D14,Sample_09,"""RGB(255,255,0)""",,,GSX1,"""RGB(0,137,123)""",UNKNOWN,VIC,NFQ-MGB,,
86,D14,Sample_09,"""RGB(255,255,0)""",,,RALYL,"""RGB(67,160,71)""",UNKNOWN,CY5,NFQ-MGB,,
87,D15,Sample_16,"""RGB(219,255,0)""",,,GSX1,"""RGB(0,137,123)""",UNKNOWN,VIC,NFQ-MGB,,
87,D15,Sample_16,"""RGB(219,255,0)""",,,RALYL,"""RGB(67,160,71)""",UNKNOWN,CY5,NFQ-MGB,,
88,D16,Sample_23,"""RGB(182,255,0)""",,,GSX1,"""RGB(0,137,123)""",UNKNOWN,VIC,NFQ-MGB,,
88,D16,Sample_23,"""RGB(182,255,0)""",,,RALYL,"""RGB(67,160,71)""",UNKNOWN,CY5,NFQ-MGB,,
89,D17,Sample_30,"""RGB(146,255,0)""",,,GSX1,"""RGB(0,137,123)""",UNKNOWN,VIC,NFQ-MGB,,
89,D17,Sample_30,"""RGB(146,255,0)""",,,RALYL,"""RGB(67,160,71)""",UNKNOWN,CY5,NFQ-MGB,,
90,D18,Sample_37,"""RGB(109,255,0)""",,,GSX1,"""RGB(0,137,123)""",UNKNOWN,VIC,NFQ-MGB,,
90,D18,Sample_37,"""RGB(109,255,0)""",,,RALYL,"""RGB(67,160,71)""",UNKNOWN,CY5,NFQ-MGB,,
91,D19,Sample_02,"""RGB(255,219,0)""",,,COL2A1,"""RGB(216,27,96)""",UNKNOWN,FAM,NFQ-MGB,,
91,D19,Sample_02,"""RGB(255,219,0)""",,,ImC,"""RGB(192,202,51)""",UNKNOWN,VIC,NFQ-MGB,,
91,D19,Sample_02,"""RGB(255,219,0)""",,,EpC,"""RGB(0,137,123)""",UNKNOWN,CY5,NFQ-MGB,,
92,D20,Sample_09,"""RGB(255,255,0)""",,,COL2A1,"""RGB(216,27,96)""",UNKNOWN,FAM,NFQ-MGB,,
92,D20,Sample_09,"""RGB(255,255,0)""",,,ImC,"""RGB(192,202,51)""",UNKNOWN,VIC,NFQ-MGB,,
92,D20,Sample_09,"""RGB(255,255,0)""",,,EpC,"""RGB(0,137,123)""",UNKNOWN,CY5,NFQ-MGB,,
93,D21,Sample_16,"""RGB(219,255,0)""",,,COL2A1,"""RGB(216,27,96)""",UNKNOWN,FAM,NFQ-MGB,,
93,D21,Sample_16,"""RGB(219,255,0)""",,,ImC,"""RGB(192,202,51)""",UNKNOWN,VIC,NFQ-MGB,,
93,D21,Sample_16,"""RGB(219,255,0)""",,,EpC,"""RGB(0,137,123)""",UNKNOWN,CY5,NFQ-MGB,,
94,D22,Sample_23,"""RGB(182,255,0)""",,,COL2A1,"""RGB(216,27,96)""",UNKNOWN,FAM,NFQ-MGB,,
94,D22,Sample_23,"""RGB(182,255,0)""",,,ImC,"""RGB(192,202,51)""",UNKNOWN,VIC,NFQ-MGB,,
94,D22,Sample_23,"""RGB(182,255,0)""",,,EpC,"""RGB(0,137,123)""",UNKNOWN,CY5,NFQ-MGB,,
95,D23,Sample_30,"""RGB(146,255,0)""",,,COL2A1,"""RGB(216,27,96)""",UNKNOWN,FAM,NFQ-MGB,,
95,D23,Sample_30,"""RGB(146,255,0)""",,,ImC,"""RGB(192,202,51)""",UNKNOWN,VIC,NFQ-MGB,,
95,D23,Sample_30,"""RGB(146,255,0)""",,,EpC,"""RGB(0,137,123)""",UNKNOWN,CY5,NFQ-MGB,,
96,D24,Sample_37,"""RGB(109,255,0)""",,,COL2A1,"""RGB(216,27,96)""",UNKNOWN,FAM,NFQ-MGB,,
96,D24,Sample_37,"""RGB(109,255,0)""",,,ImC,"""RGB(192,202,51)""",UNKNOWN,VIC,NFQ-MGB,,
96,D24,Sample_37,"""RGB(109,255,0)""",,,EpC,"""RGB(0,137,123)""",UNKNOWN,CY5,NFQ-MGB,,
97,E1,Sample_03,"""RGB(73,255,0)""",,,GYPC1,"""RGB(30,136,229)""",UNKNOWN,CY5,NFQ-MGB,,
97,E1,Sample_03,"""RGB(73,255,0)""",,,ZSCAN12,"""RGB(67,160,71)""",UNKNOWN,VIC,NFQ-MGB,,
98,E2,Sample_10,"""RGB(36,255,0)""",,,GYPC1,"""RGB(30,136,229)""",UNKNOWN,CY5,NFQ-MGB,,
98,E2,Sample_10,"""RGB(36,255,0)""",,,ZSCAN12,"""RGB(67,160,71)""",UNKNOWN,VIC,NFQ-MGB,,
99,E3,Sample_17,"""RGB(0,255,0)""",,,GYPC1,"""RGB(30,136,229)""",UNKNOWN,CY5,NFQ-MGB,,
99,E3,Sample_17,"""RGB(0,255,0)""",,,ZSCAN12,"""RGB(67,160,71)""",UNKNOWN,VIC,NFQ-MGB,,
100,E4,Sample_24,"""RGB(0,255,36)""",,,GYPC1,"""RGB(30,136,229)""",UNKNOWN,CY5,NFQ-MGB,,
100,E4,Sample_24,"""RGB(0,255,36)""",,,ZSCAN12,"""RGB(67,160,71)""",UNKNOWN,VIC,NFQ-MGB,,
101,E5,Sample_31,"""RGB(0,255,73)""",,,GYPC1,"""RGB(30,136,229)""",UNKNOWN,CY5,NFQ-MGB,,
101,E5,Sample_31,"""RGB(0,255,73)""",,,ZSCAN12,"""RGB(67,160,71)""",UNKNOWN,VIC,NFQ-MGB,,
102,E6,Sample_38,"""RGB(0,255,109)""",,,GYPC1,"""RGB(30,136,229)""",UNKNOWN,CY5,NFQ-MGB,,
102,E6,Sample_38,"""RGB(0,255,109)""",,,ZSCAN12,"""RGB(67,160,71)""",UNKNOWN,VIC,NFQ-MGB,,
103,E7,Sample_03,"""RGB(73,255,0)""",,,DPP6,"""RGB(124,179,66)""",UNKNOWN,VIC,NFQ-MGB,,
103,E7,Sample_03,"""RGB(73,255,0)""",,,GYPC2,"""RGB(0,172,193)""",UNKNOWN,CY5,NFQ-MGB,,
104,E8,Sample_10,"""RGB(36,255,0)""",,,DPP6,"""RGB(124,179,66)""",UNKNOWN,VIC,NFQ-MGB,,
104,E8,Sample_10,"""RGB(36,255,0)""",,,GYPC2,"""RGB(0,172,193)""",UNKNOWN,CY5,NFQ-MGB,,
105,E9,Sample_17,"""RGB(0,255,0)""",,,DPP6,"""RGB(124,179,66)""",UNKNOWN,VIC,NFQ-MGB,,
105,E9,Sample_17,"""RGB(0,255,0)""",,,GYPC2,"""RGB(0,172,193)""",UNKNOWN,CY5,NFQ-MGB,,
106,E10,Sample_24,"""RGB(0,255,36)""",,,DPP6,"""RGB(124,179,66)""",UNKNOWN,VIC,NFQ-MGB,,
106,E10,Sample_24,"""RGB(0,255,36)""",,,GYPC2,"""RGB(0,172,193)""",UNKNOWN,CY5,NFQ-MGB,,
107,E11,Sample_31,"""RGB(0,255,73)""",,,DPP6,"""RGB(124,179,66)""",UNKNOWN,VIC,NFQ-MGB,,
107,E11,Sample_31,"""RGB(0,255,73)""",,,GYPC2,"""RGB(0,172,193)""",UNKNOWN,CY5,NFQ-MGB,,
108,E12,Sample_38,"""RGB(0,255,109)""",,,DPP6,"""RGB(124,179,66)""",UNKNOWN,VIC,NFQ-MGB,,
108,E12,Sample_38,"""RGB(0,255,109)""",,,GYPC2,"""RGB(0,172,193)""",UNKNOWN,CY5,NFQ-MGB,,
109,E13,Sample_03,"""RGB(73,255,0)""",,,GSX1,"""RGB(0,137,123)""",UNKNOWN,VIC,NFQ-MGB,,
109,E13,Sample_03,"""RGB(73,255,0)""",,,RALYL,"""RGB(67,160,71)""",UNKNOWN,CY5,NFQ-MGB,,
110,E14,Sample_10,"""RGB(36,255,0)""",,,GSX1,"""RGB(0,137,123)""",UNKNOWN,VIC,NFQ-MGB,,
110,E14,Sample_10,"""RGB(36,255,0)""",,,RALYL,"""RGB(67,160,71)""",UNKNOWN,CY5,NFQ-MGB,,
111,E15,Sample_17,"""RGB(0,255,0)""",,,GSX1,"""RGB(0,137,123)""",UNKNOWN,VIC,NFQ-MGB,,
111,E15,Sample_17,"""RGB(0,255,0)""",,,RALYL,"""RGB(67,160,71)""",UNKNOWN,CY5,NFQ-MGB,,
112,E16,Sample_24,"""RGB(0,255,36)""",,,GSX1,"""RGB(0,137,123)""",UNKNOWN,VIC,NFQ-MGB,,
112,E16,Sample_24,"""RGB(0,255,36)""",,,RALYL,"""RGB(67,160,71)""",UNKNOWN,CY5,NFQ-MGB,,
113,E17,Sample_31,"""RGB(0,255,73)""",,,GSX1,"""RGB(0,137,123)""",UNKNOWN,VIC,NFQ-MGB,,
113,E17,Sample_31,"""RGB(0,255,73)""",,,RALYL,"""RGB(67,160,71)""",UNKNOWN,CY5,NFQ-MGB,,
114,E18,Sample_38,"""RGB(0,255,109)""",,,GSX1,"""RGB(0,137,123)""",UNKNOWN,VIC,NFQ-MGB,,
114,E18,Sample_38,"""RGB(0,255,109)""",,,RALYL,"""RGB(67,160,71)""",UNKNOWN,CY5,NFQ-MGB,,
115,E19,Sample_03,"""RGB(73,255,0)""",,,COL2A1,"""RGB(216,27,96)""",UNKNOWN,FAM,NFQ-MGB,,
115,E19,Sample_03,"""RGB(73,255,0)""",,,ImC,"""RGB(192,202,51)""",UNKNOWN,VIC,NFQ-MGB,,
115,E19,Sample_03,"""RGB(73,255,0)""",,,EpC,"""RGB(0,137,123)""",UNKNOWN,CY5,NFQ-MGB,,
116,E20,Sample_10,"""RGB(36,255,0)""",,,COL2A1,"""RGB(216,27,96)""",UNKNOWN,FAM,NFQ-MGB,,
116,E20,Sample_10,"""RGB(36,255,0)""",,,ImC,"""RGB(192,202,51)""",UNKNOWN,VIC,NFQ-MGB,,
116,E20,Sample_10,"""RGB(36,255,0)""",,,EpC,"""RGB(0,137,123)""",UNKNOWN,CY5,NFQ-MGB,,
117,E21,Sample_17,"""RGB(0,255,0)""",,,COL2A1,"""RGB(216,27,96)""",UNKNOWN,FAM,NFQ-MGB,,
117,E21,Sample_17,"""RGB(0,255,0)""",,,ImC,"""RGB(192,202,51)""",UNKNOWN,VIC,NFQ-MGB,,
117,E21,Sample_17,"""RGB(0,255,0)""",,,EpC,"""RGB(0,137,123)""",UNKNOWN,CY5,NFQ-MGB,,
118,E22,Sample_24,"""RGB(0,255,36)""",,,COL2A1,"""RGB(216,27,96)""",UNKNOWN,FAM,NFQ-MGB,,
118,E22,Sample_24,"""RGB(0,255,36)""",,,ImC,"""RGB(192,202,51)""",UNKNOWN,VIC,NFQ-MGB,,
118,E22,Sample_24,"""RGB(0,255,36)""",,,EpC,"""RGB(0,137,123)""",UNKNOWN,CY5,NFQ-MGB,,
119,E23,Sample_31,"""RGB(0,255,73)""",,,COL2A1,"""RGB(216,27,96)""",UNKNOWN,FAM,NFQ-MGB,,
119,E23,Sample_31,"""RGB(0,255,73)""",,,ImC,"""RGB(192,202,51)""",UNKNOWN,VIC,NFQ-MGB,,
119,E23,Sample_31,"""RGB(0,255,73)""",,,EpC,"""RGB(0,137,123)""",UNKNOWN,CY5,NFQ-MGB,,
120,E24,Sample_38,"""RGB(0,255,109)""",,,COL2A1,"""RGB(216,27,96)""",UNKNOWN,FAM,NFQ-MGB,,
120,E24,Sample_38,"""RGB(0,255,109)""",,,ImC,"""RGB(192,202,51)""",UNKNOWN,VIC,NFQ-MGB,,
120,E24,Sample_38,"""RGB(0,255,109)""",,,EpC,"""RGB(0,137,123)""",UNKNOWN,CY5,NFQ-MGB,,
121,F1,Sample_03,"""RGB(73,255,0)""",,,GYPC1,"""RGB(30,136,229)""",UNKNOWN,CY5,NFQ-MGB,,
121,F1,Sample_03,"""RGB(73,255,0)""",,,ZSCAN12,"""RGB(67,160,71)""",UNKNOWN,VIC,NFQ-MGB,,
122,F2,Sample_10,"""RGB(36,255,0)""",,,GYPC1,"""RGB(30,136,229)""",UNKNOWN,CY5,NFQ-MGB,,
122,F2,Sample_10,"""RGB(36,255,0)""",,,ZSCAN12,"""RGB(67,160,71)""",UNKNOWN,VIC,NFQ-MGB,,
123,F3,Sample_17,"""RGB(0,255,0)""",,,GYPC1,"""RGB(30,136,229)""",UNKNOWN,CY5,NFQ-MGB,,
123,F3,Sample_17,"""RGB(0,255,0)""",,,ZSCAN12,"""RGB(67,160,71)""",UNKNOWN,VIC,NFQ-MGB,,
124,F4,Sample_24,"""RGB(0,255,36)""",,,GYPC1,"""RGB(30,136,229)""",UNKNOWN,CY5,NFQ-MGB,,
124,F4,Sample_24,"""RGB(0,255,36)""",,,ZSCAN12,"""RGB(67,160,71)""",UNKNOWN,VIC,NFQ-MGB,,
125,F5,Sample_31,"""RGB(0,255,73)""",,,GYPC1,"""RGB(30,136,229)""",UNKNOWN,CY5,NFQ-MGB,,
125,F5,Sample_31,"""RGB(0,255,73)""",,,ZSCAN12,"""RGB(67,160,71)""",UNKNOWN,VIC,NFQ-MGB,,
126,F6,Sample_38,"""RGB(0,255,109)""",,,GYPC1,"""RGB(30,136,229)""",UNKNOWN,CY5,NFQ-MGB,,
126,F6,Sample_38,"""RGB(0,255,109)""",,,ZSCAN12,"""RGB(67,160,71)""",UNKNOWN,VIC,NFQ-MGB,,
127,F7,Sample_03,"""RGB(73,255,0)""",,,DPP6,"""RGB(124,179,66)""",UNKNOWN,VIC,NFQ-MGB,,
127,F7,Sample_03,"""RGB(73,255,0)""",,,GYPC2,"""RGB(0,172,193)""",UNKNOWN,CY5,NFQ-MGB,,
128,F8,Sample_10,"""RGB(36,255,0)""",,,DPP6,"""RGB(124,179,66)""",UNKNOWN,VIC,NFQ-MGB,,
128,F8,Sample_10,"""RGB(36,255,0)""",,,GYPC2,"""RGB(0,172,193)""",UNKNOWN,CY5,NFQ-MGB,,
129,F9,Sample_17,"""RGB(0,255,0)""",,,DPP6,"""RGB(124,179,66)""",UNKNOWN,VIC,NFQ-MGB,,
129,F9,Sample_17,"""RGB(0,255,0)""",,,GYPC2,"""RGB(0,172,193)""",UNKNOWN,CY5,NFQ-MGB,,
130,F10,Sample_24,"""RGB(0,255,36)""",,,DPP6,"""RGB(124,179,66)""",UNKNOWN,VIC,NFQ-MGB,,
130,F10,Sample_24,"""RGB(0,255,36)""",,,GYPC2,"""RGB(0,172,193)""",UNKNOWN,CY5,NFQ-MGB,,
131,F11,Sample_31,"""RGB(0,255,73)""",,,DPP6,"""RGB(124,179,66)""",UNKNOWN,VIC,NFQ-MGB,,
131,F11,Sample_31,"""RGB(0,255,73)""",,,GYPC2,"""RGB(0,172,193)""",UNKNOWN,CY5,NFQ-MGB,,
132,F12,Sample_38,"""RGB(0,255,109)""",,,DPP6,"""RGB(124,179,66)""",UNKNOWN,VIC,NFQ-MGB,,
132,F12,Sample_38,"""RGB(0,255,109)""",,,GYPC2,"""RGB(0,172,193)""",UNKNOWN,CY5,NFQ-MGB,,
133,F13,Sample_03,"""RGB(73,255,0)""",,,GSX1,"""RGB(0,137,123)""",UNKNOWN,VIC,NFQ-MGB,,
133,F13,Sample_03,"""RGB(73,255,0)""",,,RALYL,"""RGB(67,160,71)""",UNKNOWN,CY5,NFQ-MGB,,
134,F14,Sample_10,"""RGB(36,255,0)""",,,GSX1,"""RGB(0,137,123)""",UNKNOWN,VIC,NFQ-MGB,,
134,F14,Sample_10,"""RGB(36,255,0)""",,,RALYL,"""RGB(67,160,71)""",UNKNOWN,CY5,NFQ-MGB,,
135,F15,Sample_17,"""RGB(0,255,0)""",,,GSX1,"""RGB(0,137,123)""",UNKNOWN,VIC,NFQ-MGB,,
135,F15,Sample_17,"""RGB(0,255,0)""",,,RALYL,"""RGB(67,160,71)""",UNKNOWN,CY5,NFQ-MGB,,
136,F16,Sample_24,"""RGB(0,255,36)""",,,GSX1,"""RGB(0,137,123)""",UNKNOWN,VIC,NFQ-MGB,,
136,F16,Sample_24,"""RGB(0,255,36)""",,,RALYL,"""RGB(67,160,71)""",UNKNOWN,CY5,NFQ-MGB,,
137,F17,Sample_31,"""RGB(0,255,73)""",,,GSX1,"""RGB(0,137,123)""",UNKNOWN,VIC,NFQ-MGB,,
137,F17,Sample_31,"""RGB(0,255,73)""",,,RALYL,"""RGB(67,160,71)""",UNKNOWN,CY5,NFQ-MGB,,
138,F18,Sample_38,"""RGB(0,255,109)""",,,GSX1,"""RGB(0,137,123)""",UNKNOWN,VIC,NFQ-MGB,,
138,F18,Sample_38,"""RGB(0,255,109)""",,,RALYL,"""RGB(67,160,71)""",UNKNOWN,CY5,NFQ-MGB,,
139,F19,Sample_03,"""RGB(73,255,0)""",,,COL2A1,"""RGB(216,27,96)""",UNKNOWN,FAM,NFQ-MGB,,
139,F19,Sample_03,"""RGB(73,255,0)""",,,ImC,"""RGB(192,202,51)""",UNKNOWN,VIC,NFQ-MGB,,
139,F19,Sample_03,"""RGB(73,255,0)""",,,EpC,"""RGB(0,137,123)""",UNKNOWN,CY5,NFQ-MGB,,
140,F20,Sample_10,"""RGB(36,255,0)""",,,COL2A1,"""RGB(216,27,96)""",UNKNOWN,FAM,NFQ-MGB,,
140,F20,Sample_10,"""RGB(36,255,0)""",,,ImC,"""RGB(192,202,51)""",UNKNOWN,VIC,NFQ-MGB,,
140,F20,Sample_10,"""RGB(36,255,0)""",,,EpC,"""RGB(0,137,123)""",UNKNOWN,CY5,NFQ-MGB,,
141,F21,Sample_17,"""RGB(0,255,0)""",,,COL2A1,"""RGB(216,27,96)""",UNKNOWN,FAM,NFQ-MGB,,
141,F21,Sample_17,"""RGB(0,255,0)""",,,ImC,"""RGB(192,202,51)""",UNKNOWN,VIC,NFQ-MGB,,
141,F21,Sample_17,"""RGB(0,255,0)""",,,EpC,"""RGB(0,137,123)""",UNKNOWN,CY5,NFQ-MGB,,
142,F22,Sample_24,"""RGB(0,255,36)""",,,COL2A1,"""RGB(216,27,96)""",UNKNOWN,FAM,NFQ-MGB,,
142,F22,Sample_24,"""RGB(0,255,36)""",,,ImC,"""RGB(192,202,51)""",UNKNOWN,VIC,NFQ-MGB,,
142,F22,Sample_24,"""RGB(0,255,36)""",,,EpC,"""RGB(0,137,123)""",UNKNOWN,CY5,NFQ-MGB,,
143,F23,Sample_31,"""RGB(0,255,73)""",,,COL2A1,"""RGB(216,27,96)""",UNKNOWN,FAM,NFQ-MGB,,
143,F23,Sample_31,"""RGB(0,255,73)""",,,ImC,"""RGB(192,202,51)""",UNKNOWN,VIC,NFQ-MGB,,
143,F23,Sample_31,"""RGB(0,255,73)""",,,EpC,"""RGB(0,137,123)""",UNKNOWN,CY5,NFQ-MGB,,
144,F24,Sample_38,"""RGB(0,255,109)""",,,COL2A1,"""RGB(216,27,96)""",UNKNOWN,FAM,NFQ-MGB,,
144,F24,Sample_38,"""RGB(0,255,109)""",,,ImC,"""RGB(192,202,51)""",UNKNOWN,VIC,NFQ-MGB,,
144,F24,Sample_38,"""RGB(0,255,109)""",,,EpC,"""RGB(0,137,123)""",UNKNOWN,CY5,NFQ-MGB,,
145,G1,Sample_04,"""RGB(0,255,146)""",,,GYPC1,"""RGB(30,136,229)""",UNKNOWN,CY5,NFQ-MGB,,
145,G1,Sample_04,"""RGB(0,255,146)""",,,ZSCAN12,"""RGB(67,160,71)""",UNKNOWN,VIC,NFQ-MGB,,
146,G2,Sample_11,"""RGB(0,255,182)""",,,GYPC1,"""RGB(30,136,229)""",UNKNOWN,CY5,NFQ-MGB,,
146,G2,Sample_11,"""RGB(0,255,182)""",,,ZSCAN12,"""RGB(67,160,71)""",UNKNOWN,VIC,NFQ-MGB,,
147,G3,Sample_18,"""RGB(0,255,219)""",,,GYPC1,"""RGB(30,136,229)""",UNKNOWN,CY5,NFQ-MGB,,
147,G3,Sample_18,"""RGB(0,255,219)""",,,ZSCAN12,"""RGB(67,160,71)""",UNKNOWN,VIC,NFQ-MGB,,
148,G4,Sample_25,"""RGB(0,255,255)""",,,GYPC1,"""RGB(30,136,229)""",UNKNOWN,CY5,NFQ-MGB,,
148,G4,Sample_25,"""RGB(0,255,255)""",,,ZSCAN12,"""RGB(67,160,71)""",UNKNOWN,VIC,NFQ-MGB,,
149,G5,Sample_32,"""RGB(0,219,255)""",,,GYPC1,"""RGB(30,136,229)""",UNKNOWN,CY5,NFQ-MGB,,
149,G5,Sample_32,"""RGB(0,219,255)""",,,ZSCAN12,"""RGB(67,160,71)""",UNKNOWN,VIC,NFQ-MGB,,
150,G6,Sample_39,"""RGB(0,182,255)""",,,GYPC1,"""RGB(30,136,229)""",UNKNOWN,CY5,NFQ-MGB,,
150,G6,Sample_39,"""RGB(0,182,255)""",,,ZSCAN12,"""RGB(67,160,71)""",UNKNOWN,VIC,NFQ-MGB,,
151,G7,Sample_04,"""RGB(0,255,146)""",,,DPP6,"""RGB(124,179,66)""",UNKNOWN,VIC,NFQ-MGB,,
151,G7,Sample_04,"""RGB(0,255,146)""",,,GYPC2,"""RGB(0,172,193)""",UNKNOWN,CY5,NFQ-MGB,,
152,G8,Sample_11,"""RGB(0,255,182)""",,,DPP6,"""RGB(124,179,66)""",UNKNOWN,VIC,NFQ-MGB,,
152,G8,Sample_11,"""RGB(0,255,182)""",,,GYPC2,"""RGB(0,172,193)""",UNKNOWN,CY5,NFQ-MGB,,
153,G9,Sample_18,"""RGB(0,255,219)""",,,DPP6,"""RGB(124,179,66)""",UNKNOWN,VIC,NFQ-MGB,,
153,G9,Sample_18,"""RGB(0,255,219)""",,,GYPC2,"""RGB(0,172,193)""",UNKNOWN,CY5,NFQ-MGB,,
154,G10,Sample_25,"""RGB(0,255,255)""",,,DPP6,"""RGB(124,179,66)""",UNKNOWN,VIC,NFQ-MGB,,
154,G10,Sample_25,"""RGB(0,255,255)""",,,GYPC2,"""RGB(0,172,193)""",UNKNOWN,CY5,NFQ-MGB,,
155,G11,Sample_32,"""RGB(0,219,255)""",,,DPP6,"""RGB(124,179,66)""",UNKNOWN,VIC,NFQ-MGB,,
155,G11,Sample_32,"""RGB(0,219,255)""",,,GYPC2,"""RGB(0,172,193)""",UNKNOWN,CY5,NFQ-MGB,,
156,G12,Sample_39,"""RGB(0,182,255)""",,,DPP6,"""RGB(124,179,66)""",UNKNOWN,VIC,NFQ-MGB,,
156,G12,Sample_39,"""RGB(0,182,255)""",,,GYPC2,"""RGB(0,172,193)""",UNKNOWN,CY5,NFQ-MGB,,
157,G13,Sample_04,"""RGB(0,255,146)""",,,GSX1,"""RGB(0,137,123)""",UNKNOWN,VIC,NFQ-MGB,,
157,G13,Sample_04,"""RGB(0,255,146)""",,,RALYL,"""RGB(67,160,71)""",UNKNOWN,CY5,NFQ-MGB,,
158,G14,Sample_11,"""RGB(0,255,182)""",,,GSX1,"""RGB(0,137,123)""",UNKNOWN,VIC,NFQ-MGB,,
158,G14,Sample_11,"""RGB(0,255,182)""",,,RALYL,"""RGB(67,160,71)""",UNKNOWN,CY5,NFQ-MGB,,
159,G15,Sample_18,"""RGB(0,255,219)""",,,GSX1,"""RGB(0,137,123)""",UNKNOWN,VIC,NFQ-MGB,,
159,G15,Sample_18,"""RGB(0,255,219)""",,,RALYL,"""RGB(67,160,71)""",UNKNOWN,CY5,NFQ-MGB,,
160,G16,Sample_25,"""RGB(0,255,255)""",,,GSX1,"""RGB(0,137,123)""",UNKNOWN,VIC,NFQ-MGB,,
160,G16,Sample_25,"""RGB(0,255,255)""",,,RALYL,"""RGB(67,160,71)""",UNKNOWN,CY5,NFQ-MGB,,
161,G17,Sample_32,"""RGB(0,219,255)""",,,GSX1,"""RGB(0,137,123)""",UNKNOWN,VIC,NFQ-MGB,,
161,G17,Sample_32,"""RGB(0,219,255)""",,,RALYL,"""RGB(67,160,71)""",UNKNOWN,CY5,NFQ-MGB,,
162,G18,Sample_39,"""RGB(0,182,255)""",,,GSX1,"""RGB(0,137,123)""",UNKNOWN,VIC,NFQ-MGB,,
162,G18,Sample_39,"""RGB(0,182,255)""",,,RALYL,"""RGB(67,160,71)""",UNKNOWN,CY5,NFQ-MGB,,
163,G19,Sample_04,"""RGB(0,255,146)""",,,COL2A1,"""RGB(216,27,96)""",UNKNOWN,FAM,NFQ-MGB,,
163,G19,Sample_04,"""RGB(0,255,146)""",,,ImC,"""RGB(192,202,51)""",UNKNOWN,VIC,NFQ-MGB,,
163,G19,Sample_04,"""RGB(0,255,146)""",,,EpC,"""RGB(0,137,123)""",UNKNOWN,CY5,NFQ-MGB,,
164,G20,Sample_11,"""RGB(0,255,182)""",,,COL2A1,"""RGB(216,27,96)""",UNKNOWN,FAM,NFQ-MGB,,
164,G20,Sample_11,"""RGB(0,255,182)""",,,ImC,"""RGB(192,202,51)""",UNKNOWN,VIC,NFQ-MGB,,
164,G20,Sample_11,"""RGB(0,255,182)""",,,EpC,"""RGB(0,137,123)""",UNKNOWN,CY5,NFQ-MGB,,
165,G21,Sample_18,"""RGB(0,255,219)""",,,COL2A1,"""RGB(216,27,96)""",UNKNOWN,FAM,NFQ-MGB,,
165,G21,Sample_18,"""RGB(0,255,219)""",,,ImC,"""RGB(192,202,51)""",UNKNOWN,VIC,NFQ-MGB,,
165,G21,Sample_18,"""RGB(0,255,219)""",,,EpC,"""RGB(0,137,123)""",UNKNOWN,CY5,NFQ-MGB,,
166,G22,Sample_25,"""RGB(0,255,255)""",,,COL2A1,"""RGB(216,27,96)""",UNKNOWN,FAM,NFQ-MGB,,
166,G22,Sample_25,"""RGB(0,255,255)""",,,ImC,"""RGB(192,202,51)""",UNKNOWN,VIC,NFQ-MGB,,
166,G22,Sample_25,"""RGB(0,255,255)""",,,EpC,"""RGB(0,137,123)""",UNKNOWN,CY5,NFQ-MGB,,
167,G23,Sample_32,"""RGB(0,219,255)""",,,COL2A1,"""RGB(216,27,96)""",UNKNOWN,FAM,NFQ-MGB,,
167,G23,Sample_32,"""RGB(0,219,255)""",,,ImC,"""RGB(192,202,51)""",UNKNOWN,VIC,NFQ-MGB,,
167,G23,Sample_32,"""RGB(0,219,255)""",,,EpC,"""RGB(0,137,123)""",UNKNOWN,CY5,NFQ-MGB,,
168,G24,Sample_39,"""RGB(0,182,255)""",,,COL2A1,"""RGB(216,27,96)""",UNKNOWN,FAM,NFQ-MGB,,
168,G24,Sample_39,"""RGB(0,182,255)""",,,ImC,"""RGB(192,202,51)""",UNKNOWN,VIC,NFQ-MGB,,
168,G24,Sample_39,"""RGB(0,182,255)""",,,EpC,"""RGB(0,137,123)""",UNKNOWN,CY5,NFQ-MGB,,
169,H1,Sample_04,"""RGB(0,255,146)""",,,GYPC1,"""RGB(30,136,229)""",UNKNOWN,CY5,NFQ-MGB,,
169,H1,Sample_04,"""RGB(0,255,146)""",,,ZSCAN12,"""RGB(67,160,71)""",UNKNOWN,VIC,NFQ-MGB,,
170,H2,Sample_11,"""RGB(0,255,182)""",,,GYPC1,"""RGB(30,136,229)""",UNKNOWN,CY5,NFQ-MGB,,
170,H2,Sample_11,"""RGB(0,255,182)""",,,ZSCAN12,"""RGB(67,160,71)""",UNKNOWN,VIC,NFQ-MGB,,
171,H3,Sample_18,"""RGB(0,255,219)""",,,GYPC1,"""RGB(30,136,229)""",UNKNOWN,CY5,NFQ-MGB,,
171,H3,Sample_18,"""RGB(0,255,219)""",,,ZSCAN12,"""RGB(67,160,71)""",UNKNOWN,VIC,NFQ-MGB,,
172,H4,Sample_25,"""RGB(0,255,255)""",,,GYPC1,"""RGB(30,136,229)""",UNKNOWN,CY5,NFQ-MGB,,
172,H4,Sample_25,"""RGB(0,255,255)""",,,ZSCAN12,"""RGB(67,160,71)""",UNKNOWN,VIC,NFQ-MGB,,
173,H5,Sample_32,"""RGB(0,219,255)""",,,GYPC1,"""RGB(30,136,229)""",UNKNOWN,CY5,NFQ-MGB,,
173,H5,Sample_32,"""RGB(0,219,255)""",,,ZSCAN12,"""RGB(67,160,71)""",UNKNOWN,VIC,NFQ-MGB,,
174,H6,Sample_39,"""RGB(0,182,255)""",,,GYPC1,"""RGB(30,136,229)""",UNKNOWN,CY5,NFQ-MGB,,
174,H6,Sample_39,"""RGB(0,182,255)""",,,ZSCAN12,"""RGB(67,160,71)""",UNKNOWN,VIC,NFQ-MGB,,
175,H7,Sample_04,"""RGB(0,255,146)""",,,DPP6,"""RGB(124,179,66)""",UNKNOWN,VIC,NFQ-MGB,,
175,H7,Sample_04,"""RGB(0,255,146)""",,,GYPC2,"""RGB(0,172,193)""",UNKNOWN,CY5,NFQ-MGB,,
176,H8,Sample_11,"""RGB(0,255,182)""",,,DPP6,"""RGB(124,179,66)""",UNKNOWN,VIC,NFQ-MGB,,
176,H8,Sample_11,"""RGB(0,255,182)""",,,GYPC2,"""RGB(0,172,193)""",UNKNOWN,CY5,NFQ-MGB,,
177,H9,Sample_18,"""RGB(0,255,219)""",,,DPP6,"""RGB(124,179,66)""",UNKNOWN,VIC,NFQ-MGB,,
177,H9,Sample_18,"""RGB(0,255,219)""",,,GYPC2,"""RGB(0,172,193)""",UNKNOWN,CY5,NFQ-MGB,,
178,H10,Sample_25,"""RGB(0,255,255)""",,,DPP6,"""RGB(124,179,66)""",UNKNOWN,VIC,NFQ-MGB,,
178,H10,Sample_25,"""RGB(0,255,255)""",,,GYPC2,"""RGB(0,172,193)""",UNKNOWN,CY5,NFQ-MGB,,
179,H11,Sample_32,"""RGB(0,219,255)""",,,DPP6,"""RGB(124,179,66)""",UNKNOWN,VIC,NFQ-MGB,,
179,H11,Sample_32,"""RGB(0,219,255)""",,,GYPC2,"""RGB(0,172,193)""",UNKNOWN,CY5,NFQ-MGB,,
180,H12,Sample_39,"""RGB(0,182,255)""",,,DPP6,"""RGB(124,179,66)""",UNKNOWN,VIC,NFQ-MGB,,
180,H12,Sample_39,"""RGB(0,182,255)""",,,GYPC2,"""RGB(0,172,193)""",UNKNOWN,CY5,NFQ-MGB,,
181,H13,Sample_04,"""RGB(0,255,146)""",,,GSX1,"""RGB(0,137,123)""",UNKNOWN,VIC,NFQ-MGB,,
181,H13,Sample_04,"""RGB(0,255,146)""",,,RALYL,"""RGB(67,160,71)""",UNKNOWN,CY5,NFQ-MGB,,
182,H14,Sample_11,"""RGB(0,255,182)""",,,GSX1,"""RGB(0,137,123)""",UNKNOWN,VIC,NFQ-MGB,,
182,H14,Sample_11,"""RGB(0,255,182)""",,,RALYL,"""RGB(67,160,71)""",UNKNOWN,CY5,NFQ-MGB,,
183,H15,Sample_18,"""RGB(0,255,219)""",,,GSX1,"""RGB(0,137,123)""",UNKNOWN,VIC,NFQ-MGB,,
183,H15,Sample_18,"""RGB(0,255,219)""",,,RALYL,"""RGB(67,160,71)""",UNKNOWN,CY5,NFQ-MGB,,
184,H16,Sample_25,"""RGB(0,255,255)""",,,GSX1,"""RGB(0,137,123)""",UNKNOWN,VIC,NFQ-MGB,,
184,H16,Sample_25,"""RGB(0,255,255)""",,,RALYL,"""RGB(67,160,71)""",UNKNOWN,CY5,NFQ-MGB,,
185,H17,Sample_32,"""RGB(0,219,255)""",,,GSX1,"""RGB(0,137,123)""",UNKNOWN,VIC,NFQ-MGB,,
185,H17,Sample_32,"""RGB(0,219,255)""",,,RALYL,"""RGB(67,160,71)""",UNKNOWN,CY5,NFQ-MGB,,
186,H18,Sample_39,"""RGB(0,182,255)""",,,GSX1,"""RGB(0,137,123)""",UNKNOWN,VIC,NFQ-MGB,,
186,H18,Sample_39,"""RGB(0,182,255)""",,,RALYL,"""RGB(67,160,71)""",UNKNOWN,CY5,NFQ-MGB,,
187,H19,Sample_04,"""RGB(0,255,146)""",,,COL2A1,"""RGB(216,27,96)""",UNKNOWN,FAM,NFQ-MGB,,
187,H19,Sample_04,"""RGB(0,255,146)""",,,ImC,"""RGB(192,202,51)""",UNKNOWN,VIC,NFQ-MGB,,
187,H19,Sample_04,"""RGB(0,255,146)""",,,EpC,"""RGB(0,137,123)""",UNKNOWN,CY5,NFQ-MGB,,
188,H20,Sample_11,"""RGB(0,255,182)""",,,COL2A1,"""RGB(216,27,96)""",UNKNOWN,FAM,NFQ-MGB,,
188,H20,Sample_11,"""RGB(0,255,182)""",,,ImC,"""RGB(192,202,51)""",UNKNOWN,VIC,NFQ-MGB,,
188,H20,Sample_11,"""RGB(0,255,182)""",,,EpC,"""RGB(0,137,123)""",UNKNOWN,CY5,NFQ-MGB,,
189,H21,Sample_18,"""RGB(0,255,219)""",,,COL2A1,"""RGB(216,27,96)""",UNKNOWN,FAM,NFQ-MGB,,
189,H21,Sample_18,"""RGB(0,255,219)""",,,ImC,"""RGB(192,202,51)""",UNKNOWN,VIC,NFQ-MGB,,
189,H21,Sample_18,"""RGB(0,255,219)""",,,EpC,"""RGB(0,137,123)""",UNKNOWN,CY5,NFQ-MGB,,
190,H22,Sample_25,"""RGB(0,255,255)""",,,COL2A1,"""RGB(216,27,96)""",UNKNOWN,FAM,NFQ-MGB,,
190,H22,Sample_25,"""RGB(0,255,255)""",,,ImC,"""RGB(192,202,51)""",UNKNOWN,VIC,NFQ-MGB,,
190,H22,Sample_25,"""RGB(0,255,255)""",,,EpC,"""RGB(0,137,123)""",UNKNOWN,CY5,NFQ-MGB,,
191,H23,Sample_32,"""RGB(0,219,255)""",,,COL2A1,"""RGB(216,27,96)""",UNKNOWN,FAM,NFQ-MGB,,
191,H23,Sample_32,"""RGB(0,219,255)""",,,ImC,"""RGB(192,202,51)""",UNKNOWN,VIC,NFQ-MGB,,
191,H23,Sample_32,"""RGB(0,219,255)""",,,EpC,"""RGB(0,137,123)""",UNKNOWN,CY5,NFQ-MGB,,
192,H24,Sample_39,"""RGB(0,182,255)""",,,COL2A1,"""RGB(216,27,96)""",UNKNOWN,FAM,NFQ-MGB,,
192,H24,Sample_39,"""RGB(0,182,255)""",,,ImC,"""RGB(192,202,51)""",UNKNOWN,VIC,NFQ-MGB,,
192,H24,Sample_39,"""RGB(0,182,255)""",,,EpC,"""RGB(0,137,123)""",UNKNOWN,CY5,NFQ-MGB,,
193,I1,Sample_05,"""RGB(0,146,255)""",,,GYPC1,"""RGB(30,136,229)""",UNKNOWN,CY5,NFQ-MGB,,
193,I1,Sample_05,"""RGB(0,146,255)""",,,ZSCAN12,"""RGB(67,160,71)""",UNKNOWN,VIC,NFQ-MGB,,
194,I2,Sample_12,"""RGB(0,109,255)""",,,GYPC1,"""RGB(30,136,229)""",UNKNOWN,CY5,NFQ-MGB,,
194,I2,Sample_12,"""RGB(0,109,255)""",,,ZSCAN12,"""RGB(67,160,71)""",UNKNOWN,VIC,NFQ-MGB,,
195,I3,Sample_19,"""RGB(0,73,255)""",,,GYPC1,"""RGB(30,136,229)""",UNKNOWN,CY5,NFQ-MGB,,
195,I3,Sample_19,"""RGB(0,73,255)""",,,ZSCAN12,"""RGB(67,160,71)""",UNKNOWN,VIC,NFQ-MGB,,
196,I4,Sample_26,"""RGB(0,36,255)""",,,GYPC1,"""RGB(30,136,229)""",UNKNOWN,CY5,NFQ-MGB,,
196,I4,Sample_26,"""RGB(0,36,255)""",,,ZSCAN12,"""RGB(67,160,71)""",UNKNOWN,VIC,NFQ-MGB,,
197,I5,Sample_33,"""RGB(0,0,255)""",,,GYPC1,"""RGB(30,136,229)""",UNKNOWN,CY5,NFQ-MGB,,
197,I5,Sample_33,"""RGB(0,0,255)""",,,ZSCAN12,"""RGB(67,160,71)""",UNKNOWN,VIC,NFQ-MGB,,
198,I6,Sample_40,"""RGB(36,0,255)""",,,GYPC1,"""RGB(30,136,229)""",UNKNOWN,CY5,NFQ-MGB,,
198,I6,Sample_40,"""RGB(36,0,255)""",,,ZSCAN12,"""RGB(67,160,71)""",UNKNOWN,VIC,NFQ-MGB,,
199,I7,Sample_05,"""RGB(0,146,255)""",,,DPP6,"""RGB(124,179,66)""",UNKNOWN,VIC,NFQ-MGB,,
199,I7,Sample_05,"""RGB(0,146,255)""",,,GYPC2,"""RGB(0,172,193)""",UNKNOWN,CY5,NFQ-MGB,,
200,I8,Sample_12,"""RGB(0,109,255)""",,,DPP6,"""RGB(124,179,66)""",UNKNOWN,VIC,NFQ-MGB,,
200,I8,Sample_12,"""RGB(0,109,255)""",,,GYPC2,"""RGB(0,172,193)""",UNKNOWN,CY5,NFQ-MGB,,
201,I9,Sample_19,"""RGB(0,73,255)""",,,DPP6,"""RGB(124,179,66)""",UNKNOWN,VIC,NFQ-MGB,,
201,I9,Sample_19,"""RGB(0,73,255)""",,,GYPC2,"""RGB(0,172,193)""",UNKNOWN,CY5,NFQ-MGB,,
202,I10,Sample_26,"""RGB(0,36,255)""",,,DPP6,"""RGB(124,179,66)""",UNKNOWN,VIC,NFQ-MGB,,
202,I10,Sample_26,"""RGB(0,36,255)""",,,GYPC2,"""RGB(0,172,193)""",UNKNOWN,CY5,NFQ-MGB,,
203,I11,Sample_33,"""RGB(0,0,255)""",,,DPP6,"""RGB(124,179,66)""",UNKNOWN,VIC,NFQ-MGB,,
203,I11,Sample_33,"""RGB(0,0,255)""",,,GYPC2,"""RGB(0,172,193)""",UNKNOWN,CY5,NFQ-MGB,,
204,I12,Sample_40,"""RGB(36,0,255)""",,,DPP6,"""RGB(124,179,66)""",UNKNOWN,VIC,NFQ-MGB,,
204,I12,Sample_40,"""RGB(36,0,255)""",,,GYPC2,"""RGB(0,172,193)""",UNKNOWN,CY5,NFQ-MGB,,
205,I13,Sample_05,"""RGB(0,146,255)""",,,GSX1,"""RGB(0,137,123)""",UNKNOWN,VIC,NFQ-MGB,,
205,I13,Sample_05,"""RGB(0,146,255)""",,,RALYL,"""RGB(67,160,71)""",UNKNOWN,CY5,NFQ-MGB,,
206,I14,Sample_12,"""RGB(0,109,255)""",,,GSX1,"""RGB(0,137,123)""",UNKNOWN,VIC,NFQ-MGB,,
206,I14,Sample_12,"""RGB(0,109,255)""",,,RALYL,"""RGB(67,160,71)""",UNKNOWN,CY5,NFQ-MGB,,
207,I15,Sample_19,"""RGB(0,73,255)""",,,GSX1,"""RGB(0,137,123)""",UNKNOWN,VIC,NFQ-MGB,,
207,I15,Sample_19,"""RGB(0,73,255)""",,,RALYL,"""RGB(67,160,71)""",UNKNOWN,CY5,NFQ-MGB,,
208,I16,Sample_26,"""RGB(0,36,255)""",,,GSX1,"""RGB(0,137,123)""",UNKNOWN,VIC,NFQ-MGB,,
208,I16,Sample_26,"""RGB(0,36,255)""",,,RALYL,"""RGB(67,160,71)""",UNKNOWN,CY5,NFQ-MGB,,
209,I17,Sample_33,"""RGB(0,0,255)""",,,GSX1,"""RGB(0,137,123)""",UNKNOWN,VIC,NFQ-MGB,,
209,I17,Sample_33,"""RGB(0,0,255)""",,,RALYL,"""RGB(67,160,71)""",UNKNOWN,CY5,NFQ-MGB,,
210,I18,Sample_40,"""RGB(36,0,255)""",,,GSX1,"""RGB(0,137,123)""",UNKNOWN,VIC,NFQ-MGB,,
210,I18,Sample_40,"""RGB(36,0,255)""",,,RALYL,"""RGB(67,160,71)""",UNKNOWN,CY5,NFQ-MGB,,
211,I19,Sample_05,"""RGB(0,146,255)""",,,COL2A1,"""RGB(216,27,96)""",UNKNOWN,FAM,NFQ-MGB,,
211,I19,Sample_05,"""RGB(0,146,255)""",,,ImC,"""RGB(192,202,51)""",UNKNOWN,VIC,NFQ-MGB,,
211,I19,Sample_05,"""RGB(0,146,255)""",,,EpC,"""RGB(0,137,123)""",UNKNOWN,CY5,NFQ-MGB,,
212,I20,Sample_12,"""RGB(0,109,255)""",,,COL2A1,"""RGB(216,27,96)""",UNKNOWN,FAM,NFQ-MGB,,
212,I20,Sample_12,"""RGB(0,109,255)""",,,ImC,"""RGB(192,202,51)""",UNKNOWN,VIC,NFQ-MGB,,
212,I20,Sample_12,"""RGB(0,109,255)""",,,EpC,"""RGB(0,137,123)""",UNKNOWN,CY5,NFQ-MGB,,
213,I21,Sample_19,"""RGB(0,73,255)""",,,COL2A1,"""RGB(216,27,96)""",UNKNOWN,FAM,NFQ-MGB,,
213,I21,Sample_19,"""RGB(0,73,255)""",,,ImC,"""RGB(192,202,51)""",UNKNOWN,VIC,NFQ-MGB,,
213,I21,Sample_19,"""RGB(0,73,255)""",,,EpC,"""RGB(0,137,123)""",UNKNOWN,CY5,NFQ-MGB,,
214,I22,Sample_26,"""RGB(0,36,255)""",,,COL2A1,"""RGB(216,27,96)""",UNKNOWN,FAM,NFQ-MGB,,
214,I22,Sample_26,"""RGB(0,36,255)""",,,ImC,"""RGB(192,202,51)""",UNKNOWN,VIC,NFQ-MGB,,
214,I22,Sample_26,"""RGB(0,36,255)""",,,EpC,"""RGB(0,137,123)""",UNKNOWN,CY5,NFQ-MGB,,
215,I23,Sample_33,"""RGB(0,0,255)""",,,COL2A1,"""RGB(216,27,96)""",UNKNOWN,FAM,NFQ-MGB,,
215,I23,Sample_33,"""RGB(0,0,255)""",,,ImC,"""RGB(192,202,51)""",UNKNOWN,VIC,NFQ-MGB,,
215,I23,Sample_33,"""RGB(0,0,255)""",,,EpC,"""RGB(0,137,123)""",UNKNOWN,CY5,NFQ-MGB,,
216,I24,Sample_40,"""RGB(36,0,255)""",,,COL2A1,"""RGB(216,27,96)""",UNKNOWN,FAM,NFQ-MGB,,
216,I24,Sample_40,"""RGB(36,0,255)""",,,ImC,"""RGB(192,202,51)""",UNKNOWN,VIC,NFQ-MGB,,
216,I24,Sample_40,"""RGB(36,0,255)""",,,EpC,"""RGB(0,137,123)""",UNKNOWN,CY5,NFQ-MGB,,
217,J1,Sample_05,"""RGB(0,146,255)""",,,GYPC1,"""RGB(30,136,229)""",UNKNOWN,CY5,NFQ-MGB,,
217,J1,Sample_05,"""RGB(0,146,255)""",,,ZSCAN12,"""RGB(67,160,71)""",UNKNOWN,VIC,NFQ-MGB,,
218,J2,Sample_12,"""RGB(0,109,255)""",,,GYPC1,"""RGB(30,136,229)""",UNKNOWN,CY5,NFQ-MGB,,
218,J2,Sample_12,"""RGB(0,109,255)""",,,ZSCAN12,"""RGB(67,160,71)""",UNKNOWN,VIC,NFQ-MGB,,
219,J3,Sample_19,"""RGB(0,73,255)""",,,GYPC1,"""RGB(30,136,229)""",UNKNOWN,CY5,NFQ-MGB,,
219,J3,Sample_19,"""RGB(0,73,255)""",,,ZSCAN12,"""RGB(67,160,71)""",UNKNOWN,VIC,NFQ-MGB,,
220,J4,Sample_26,"""RGB(0,36,255)""",,,GYPC1,"""RGB(30,136,229)""",UNKNOWN,CY5,NFQ-MGB,,
220,J4,Sample_26,"""RGB(0,36,255)""",,,ZSCAN12,"""RGB(67,160,71)""",UNKNOWN,VIC,NFQ-MGB,,
221,J5,Sample_33,"""RGB(0,0,255)""",,,GYPC1,"""RGB(30,136,229)""",UNKNOWN,CY5,NFQ-MGB,,
221,J5,Sample_33,"""RGB(0,0,255)""",,,ZSCAN12,"""RGB(67,160,71)""",UNKNOWN,VIC,NFQ-MGB,,
222,J6,Sample_40,"""RGB(36,0,255)""",,,GYPC1,"""RGB(30,136,229)""",UNKNOWN,CY5,NFQ-MGB,,
222,J6,Sample_40,"""RGB(36,0,255)""",,,ZSCAN12,"""RGB(67,160,71)""",UNKNOWN,VIC,NFQ-MGB,,
223,J7,Sample_05,"""RGB(0,146,255)""",,,DPP6,"""RGB(124,179,66)""",UNKNOWN,VIC,NFQ-MGB,,
223,J7,Sample_05,"""RGB(0,146,255)""",,,GYPC2,"""RGB(0,172,193)""",UNKNOWN,CY5,NFQ-MGB,,
224,J8,Sample_12,"""RGB(0,109,255)""",,,DPP6,"""RGB(124,179,66)""",UNKNOWN,VIC,NFQ-MGB,,
224,J8,Sample_12,"""RGB(0,109,255)""",,,GYPC2,"""RGB(0,172,193)""",UNKNOWN,CY5,NFQ-MGB,,
225,J9,Sample_19,"""RGB(0,73,255)""",,,DPP6,"""RGB(124,179,66)""",UNKNOWN,VIC,NFQ-MGB,,
225,J9,Sample_19,"""RGB(0,73,255)""",,,GYPC2,"""RGB(0,172,193)""",UNKNOWN,CY5,NFQ-MGB,,
226,J10,Sample_26,"""RGB(0,36,255)""",,,DPP6,"""RGB(124,179,66)""",UNKNOWN,VIC,NFQ-MGB,,
226,J10,Sample_26,"""RGB(0,36,255)""",,,GYPC2,"""RGB(0,172,193)""",UNKNOWN,CY5,NFQ-MGB,,
227,J11,Sample_33,"""RGB(0,0,255)""",,,DPP6,"""RGB(124,179,66)""",UNKNOWN,VIC,NFQ-MGB,,
227,J11,Sample_33,"""RGB(0,0,255)""",,,GYPC2,"""RGB(0,172,193)""",UNKNOWN,CY5,NFQ-MGB,,
228,J12,Sample_40,"""RGB(36,0,255)""",,,DPP6,"""RGB(124,179,66)""",UNKNOWN,VIC,NFQ-MGB,,
228,J12,Sample_40,"""RGB(36,0,255)""",,,GYPC2,"""RGB(0,172,193)""",UNKNOWN,CY5,NFQ-MGB,,
229,J13,Sample_05,"""RGB(0,146,255)""",,,GSX1,"""RGB(0,137,123)""",UNKNOWN,VIC,NFQ-MGB,,
229,J13,Sample_05,"""RGB(0,146,255)""",,,RALYL,"""RGB(67,160,71)""",UNKNOWN,CY5,NFQ-MGB,,
230,J14,Sample_12,"""RGB(0,109,255)""",,,GSX1,"""RGB(0,137,123)""",UNKNOWN,VIC,NFQ-MGB,,
230,J14,Sample_12,"""RGB(0,109,255)""",,,RALYL,"""RGB(67,160,71)""",UNKNOWN,CY5,NFQ-MGB,,
231,J15,Sample_19,"""RGB(0,73,255)""",,,GSX1,"""RGB(0,137,123)""",UNKNOWN,VIC,NFQ-MGB,,
231,J15,Sample_19,"""RGB(0,73,255)""",,,RALYL,"""RGB(67,160,71)""",UNKNOWN,CY5,NFQ-MGB,,
232,J16,Sample_26,"""RGB(0,36,255)""",,,GSX1,"""RGB(0,137,123)""",UNKNOWN,VIC,NFQ-MGB,,
232,J16,Sample_26,"""RGB(0,36,255)""",,,RALYL,"""RGB(67,160,71)""",UNKNOWN,CY5,NFQ-MGB,,
233,J17,Sample_33,"""RGB(0,0,255)""",,,GSX1,"""RGB(0,137,123)""",UNKNOWN,VIC,NFQ-MGB,,
233,J17,Sample_33,"""RGB(0,0,255)""",,,RALYL,"""RGB(67,160,71)""",UNKNOWN,CY5,NFQ-MGB,,
234,J18,Sample_40,"""RGB(36,0,255)""",,,GSX1,"""RGB(0,137,123)""",UNKNOWN,VIC,NFQ-MGB,,
234,J18,Sample_40,"""RGB(36,0,255)""",,,RALYL,"""RGB(67,160,71)""",UNKNOWN,CY5,NFQ-MGB,,
235,J19,Sample_05,"""RGB(0,146,255)""",,,COL2A1,"""RGB(216,27,96)""",UNKNOWN,FAM,NFQ-MGB,,
235,J19,Sample_05,"""RGB(0,146,255)""",,,ImC,"""RGB(192,202,51)""",UNKNOWN,VIC,NFQ-MGB,,
235,J19,Sample_05,"""RGB(0,146,255)""",,,EpC,"""RGB(0,137,123)""",UNKNOWN,CY5,NFQ-MGB,,
236,J20,Sample_12,"""RGB(0,109,255)""",,,COL2A1,"""RGB(216,27,96)""",UNKNOWN,FAM,NFQ-MGB,,
236,J20,Sample_12,"""RGB(0,109,255)""",,,ImC,"""RGB(192,202,51)""",UNKNOWN,VIC,NFQ-MGB,,
236,J20,Sample_12,"""RGB(0,109,255)""",,,EpC,"""RGB(0,137,123)""",UNKNOWN,CY5,NFQ-MGB,,
237,J21,Sample_19,"""RGB(0,73,255)""",,,COL2A1,"""RGB(216,27,96)""",UNKNOWN,FAM,NFQ-MGB,,
237,J21,Sample_19,"""RGB(0,73,255)""",,,ImC,"""RGB(192,202,51)""",UNKNOWN,VIC,NFQ-MGB,,
237,J21,Sample_19,"""RGB(0,73,255)""",,,EpC,"""RGB(0,137,123)""",UNKNOWN,CY5,NFQ-MGB,,
238,J22,Sample_26,"""RGB(0,36,255)""",,,COL2A1,"""RGB(216,27,96)""",UNKNOWN,FAM,NFQ-MGB,,
238,J22,Sample_26,"""RGB(0,36,255)""",,,ImC,"""RGB(192,202,51)""",UNKNOWN,VIC,NFQ-MGB,,
238,J22,Sample_26,"""RGB(0,36,255)""",,,EpC,"""RGB(0,137,123)""",UNKNOWN,CY5,NFQ-MGB,,
239,J23,Sample_33,"""RGB(0,0,255)""",,,COL2A1,"""RGB(216,27,96)""",UNKNOWN,FAM,NFQ-MGB,,
239,J23,Sample_33,"""RGB(0,0,255)""",,,ImC,"""RGB(192,202,51)""",UNKNOWN,VIC,NFQ-MGB,,
239,J23,Sample_33,"""RGB(0,0,255)""",,,EpC,"""RGB(0,137,123)""",UNKNOWN,CY5,NFQ-MGB,,
240,J24,Sample_40,"""RGB(36,0,255)""",,,COL2A1,"""RGB(216,27,96)""",UNKNOWN,FAM,NFQ-MGB,,
240,J24,Sample_40,"""RGB(36,0,255)""",,,ImC,"""RGB(192,202,51)""",UNKNOWN,VIC,NFQ-MGB,,
240,J24,Sample_40,"""RGB(36,0,255)""",,,EpC,"""RGB(0,137,123)""",UNKNOWN,CY5,NFQ-MGB,,
241,K1,Sample_06,"""RGB(73,0,255)""",,,GYPC1,"""RGB(30,136,229)""",UNKNOWN,CY5,NFQ-MGB,,
241,K1,Sample_06,"""RGB(73,0,255)""",,,ZSCAN12,"""RGB(67,160,71)""",UNKNOWN,VIC,NFQ-MGB,,
242,K2,Sample_13,"""RGB(109,0,255)""",,,GYPC1,"""RGB(30,136,229)""",UNKNOWN,CY5,NFQ-MGB,,
242,K2,Sample_13,"""RGB(109,0,255)""",,,ZSCAN12,"""RGB(67,160,71)""",UNKNOWN,VIC,NFQ-MGB,,
243,K3,Sample_20,"""RGB(146,0,255)""",,,GYPC1,"""RGB(30,136,229)""",UNKNOWN,CY5,NFQ-MGB,,
243,K3,Sample_20,"""RGB(146,0,255)""",,,ZSCAN12,"""RGB(67,160,71)""",UNKNOWN,VIC,NFQ-MGB,,
244,K4,Sample_27,"""RGB(182,0,255)""",,,GYPC1,"""RGB(30,136,229)""",UNKNOWN,CY5,NFQ-MGB,,
244,K4,Sample_27,"""RGB(182,0,255)""",,,ZSCAN12,"""RGB(67,160,71)""",UNKNOWN,VIC,NFQ-MGB,,
245,K5,Sample_34,"""RGB(219,0,255)""",,,GYPC1,"""RGB(30,136,229)""",UNKNOWN,CY5,NFQ-MGB,,
245,K5,Sample_34,"""RGB(219,0,255)""",,,ZSCAN12,"""RGB(67,160,71)""",UNKNOWN,VIC,NFQ-MGB,,
246,K6,Sample_41,"""RGB(255,0,255)""",,,GYPC1,"""RGB(30,136,229)""",UNKNOWN,CY5,NFQ-MGB,,
246,K6,Sample_41,"""RGB(255,0,255)""",,,ZSCAN12,"""RGB(67,160,71)""",UNKNOWN,VIC,NFQ-MGB,,
247,K7,Sample_06,"""RGB(73,0,255)""",,,DPP6,"""RGB(124,179,66)""",UNKNOWN,VIC,NFQ-MGB,,
247,K7,Sample_06,"""RGB(73,0,255)""",,,GYPC2,"""RGB(0,172,193)""",UNKNOWN,CY5,NFQ-MGB,,
248,K8,Sample_13,"""RGB(109,0,255)""",,,DPP6,"""RGB(124,179,66)""",UNKNOWN,VIC,NFQ-MGB,,
248,K8,Sample_13,"""RGB(109,0,255)""",,,GYPC2,"""RGB(0,172,193)""",UNKNOWN,CY5,NFQ-MGB,,
249,K9,Sample_20,"""RGB(146,0,255)""",,,DPP6,"""RGB(124,179,66)""",UNKNOWN,VIC,NFQ-MGB,,
249,K9,Sample_20,"""RGB(146,0,255)""",,,GYPC2,"""RGB(0,172,193)""",UNKNOWN,CY5,NFQ-MGB,,
250,K10,Sample_27,"""RGB(182,0,255)""",,,DPP6,"""RGB(124,179,66)""",UNKNOWN,VIC,NFQ-MGB,,
250,K10,Sample_27,"""RGB(182,0,255)""",,,GYPC2,"""RGB(0,172,193)""",UNKNOWN,CY5,NFQ-MGB,,
251,K11,Sample_34,"""RGB(219,0,255)""",,,DPP6,"""RGB(124,179,66)""",UNKNOWN,VIC,NFQ-MGB,,
251,K11,Sample_34,"""RGB(219,0,255)""",,,GYPC2,"""RGB(0,172,193)""",UNKNOWN,CY5,NFQ-MGB,,
252,K12,Sample_41,"""RGB(255,0,255)""",,,DPP6,"""RGB(124,179,66)""",UNKNOWN,VIC,NFQ-MGB,,
252,K12,Sample_41,"""RGB(255,0,255)""",,,GYPC2,"""RGB(0,172,193)""",UNKNOWN,CY5,NFQ-MGB,,
253,K13,Sample_06,"""RGB(73,0,255)""",,,GSX1,"""RGB(0,137,123)""",UNKNOWN,VIC,NFQ-MGB,,
253,K13,Sample_06,"""RGB(73,0,255)""",,,RALYL,"""RGB(67,160,71)""",UNKNOWN,CY5,NFQ-MGB,,
254,K14,Sample_13,"""RGB(109,0,255)""",,,GSX1,"""RGB(0,137,123)""",UNKNOWN,VIC,NFQ-MGB,,
254,K14,Sample_13,"""RGB(109,0,255)""",,,RALYL,"""RGB(67,160,71)""",UNKNOWN,CY5,NFQ-MGB,,
255,K15,Sample_20,"""RGB(146,0,255)""",,,GSX1,"""RGB(0,137,123)""",UNKNOWN,VIC,NFQ-MGB,,
255,K15,Sample_20,"""RGB(146,0,255)""",,,RALYL,"""RGB(67,160,71)""",UNKNOWN,CY5,NFQ-MGB,,
256,K16,Sample_27,"""RGB(182,0,255)""",,,GSX1,"""RGB(0,137,123)""",UNKNOWN,VIC,NFQ-MGB,,
256,K16,Sample_27,"""RGB(182,0,255)""",,,RALYL,"""RGB(67,160,71)""",UNKNOWN,CY5,NFQ-MGB,,
257,K17,Sample_34,"""RGB(219,0,255)""",,,GSX1,"""RGB(0,137,123)""",UNKNOWN,VIC,NFQ-MGB,,
257,K17,Sample_34,"""RGB(219,0,255)""",,,RALYL,"""RGB(67,160,71)""",UNKNOWN,CY5,NFQ-MGB,,
258,K18,Sample_41,"""RGB(255,0,255)""",,,GSX1,"""RGB(0,137,123)""",UNKNOWN,VIC,NFQ-MGB,,
258,K18,Sample_41,"""RGB(255,0,255)""",,,RALYL,"""RGB(67,160,71)""",UNKNOWN,CY5,NFQ-MGB,,
259,K19,Sample_06,"""RGB(73,0,255)""",,,COL2A1,"""RGB(216,27,96)""",UNKNOWN,FAM,NFQ-MGB,,
259,K19,Sample_06,"""RGB(73,0,255)""",,,ImC,"""RGB(192,202,51)""",UNKNOWN,VIC,NFQ-MGB,,
259,K19,Sample_06,"""RGB(73,0,255)""",,,EpC,"""RGB(0,137,123)""",UNKNOWN,CY5,NFQ-MGB,,
260,K20,Sample_13,"""RGB(109,0,255)""",,,COL2A1,"""RGB(216,27,96)""",UNKNOWN,FAM,NFQ-MGB,,
260,K20,Sample_13,"""RGB(109,0,255)""",,,ImC,"""RGB(192,202,51)""",UNKNOWN,VIC,NFQ-MGB,,
260,K20,Sample_13,"""RGB(109,0,255)""",,,EpC,"""RGB(0,137,123)""",UNKNOWN,CY5,NFQ-MGB,,
261,K21,Sample_20,"""RGB(146,0,255)""",,,COL2A1,"""RGB(216,27,96)""",UNKNOWN,FAM,NFQ-MGB,,
261,K21,Sample_20,"""RGB(146,0,255)""",,,ImC,"""RGB(192,202,51)""",UNKNOWN,VIC,NFQ-MGB,,
261,K21,Sample_20,"""RGB(146,0,255)""",,,EpC,"""RGB(0,137,123)""",UNKNOWN,CY5,NFQ-MGB,,
262,K22,Sample_27,"""RGB(182,0,255)""",,,COL2A1,"""RGB(216,27,96)""",UNKNOWN,FAM,NFQ-MGB,,
262,K22,Sample_27,"""RGB(182,0,255)""",,,ImC,"""RGB(192,202,51)""",UNKNOWN,VIC,NFQ-MGB,,
262,K22,Sample_27,"""RGB(182,0,255)""",,,EpC,"""RGB(0,137,123)""",UNKNOWN,CY5,NFQ-MGB,,
263,K23,Sample_34,"""RGB(219,0,255)""",,,COL2A1,"""RGB(216,27,96)""",UNKNOWN,FAM,NFQ-MGB,,
263,K23,Sample_34,"""RGB(219,0,255)""",,,ImC,"""RGB(192,202,51)""",UNKNOWN,VIC,NFQ-MGB,,
263,K23,Sample_34,"""RGB(219,0,255)""",,,EpC,"""RGB(0,137,123)""",UNKNOWN,CY5,NFQ-MGB,,
264,K24,Sample_41,"""RGB(255,0,255)""",,,COL2A1,"""RGB(216,27,96)""",UNKNOWN,FAM,NFQ-MGB,,
264,K24,Sample_41,"""RGB(255,0,255)""",,,ImC,"""RGB(192,202,51)""",UNKNOWN,VIC,NFQ-MGB,,
264,K24,Sample_41,"""RGB(255,0,255)""",,,EpC,"""RGB(0,137,123)""",UNKNOWN,CY5,NFQ-MGB,,
265,L1,Sample_06,"""RGB(73,0,255)""",,,GYPC1,"""RGB(30,136,229)""",UNKNOWN,CY5,NFQ-MGB,,
265,L1,Sample_06,"""RGB(73,0,255)""",,,ZSCAN12,"""RGB(67,160,71)""",UNKNOWN,VIC,NFQ-MGB,,
266,L2,Sample_13,"""RGB(109,0,255)""",,,GYPC1,"""RGB(30,136,229)""",UNKNOWN,CY5,NFQ-MGB,,
266,L2,Sample_13,"""RGB(109,0,255)""",,,ZSCAN12,"""RGB(67,160,71)""",UNKNOWN,VIC,NFQ-MGB,,
267,L3,Sample_20,"""RGB(146,0,255)""",,,GYPC1,"""RGB(30,136,229)""",UNKNOWN,CY5,NFQ-MGB,,
267,L3,Sample_20,"""RGB(146,0,255)""",,,ZSCAN12,"""RGB(67,160,71)""",UNKNOWN,VIC,NFQ-MGB,,
268,L4,Sample_27,"""RGB(182,0,255)""",,,GYPC1,"""RGB(30,136,229)""",UNKNOWN,CY5,NFQ-MGB,,
268,L4,Sample_27,"""RGB(182,0,255)""",,,ZSCAN12,"""RGB(67,160,71)""",UNKNOWN,VIC,NFQ-MGB,,
269,L5,Sample_34,"""RGB(219,0,255)""",,,GYPC1,"""RGB(30,136,229)""",UNKNOWN,CY5,NFQ-MGB,,
269,L5,Sample_34,"""RGB(219,0,255)""",,,ZSCAN12,"""RGB(67,160,71)""",UNKNOWN,VIC,NFQ-MGB,,
270,L6,Sample_41,"""RGB(255,0,255)""",,,GYPC1,"""RGB(30,136,229)""",UNKNOWN,CY5,NFQ-MGB,,
270,L6,Sample_41,"""RGB(255,0,255)""",,,ZSCAN12,"""RGB(67,160,71)""",UNKNOWN,VIC,NFQ-MGB,,
271,L7,Sample_06,"""RGB(73,0,255)""",,,DPP6,"""RGB(124,179,66)""",UNKNOWN,VIC,NFQ-MGB,,
271,L7,Sample_06,"""RGB(73,0,255)""",,,GYPC2,"""RGB(0,172,193)""",UNKNOWN,CY5,NFQ-MGB,,
272,L8,Sample_13,"""RGB(109,0,255)""",,,DPP6,"""RGB(124,179,66)""",UNKNOWN,VIC,NFQ-MGB,,
272,L8,Sample_13,"""RGB(109,0,255)""",,,GYPC2,"""RGB(0,172,193)""",UNKNOWN,CY5,NFQ-MGB,,
273,L9,Sample_20,"""RGB(146,0,255)""",,,DPP6,"""RGB(124,179,66)""",UNKNOWN,VIC,NFQ-MGB,,
273,L9,Sample_20,"""RGB(146,0,255)""",,,GYPC2,"""RGB(0,172,193)""",UNKNOWN,CY5,NFQ-MGB,,
274,L10,Sample_27,"""RGB(182,0,255)""",,,DPP6,"""RGB(124,179,66)""",UNKNOWN,VIC,NFQ-MGB,,
274,L10,Sample_27,"""RGB(182,0,255)""",,,GYPC2,"""RGB(0,172,193)""",UNKNOWN,CY5,NFQ-MGB,,
275,L11,Sample_34,"""RGB(219,0,255)""",,,DPP6,"""RGB(124,179,66)""",UNKNOWN,VIC,NFQ-MGB,,
275,L11,Sample_34,"""RGB(219,0,255)""",,,GYPC2,"""RGB(0,172,193)""",UNKNOWN,CY5,NFQ-MGB,,
276,L12,Sample_41,"""RGB(255,0,255)""",,,DPP6,"""RGB(124,179,66)""",UNKNOWN,VIC,NFQ-MGB,,
276,L12,Sample_41,"""RGB(255,0,255)""",,,GYPC2,"""RGB(0,172,193)""",UNKNOWN,CY5,NFQ-MGB,,
277,L13,Sample_06,"""RGB(73,0,255)""",,,GSX1,"""RGB(0,137,123)""",UNKNOWN,VIC,NFQ-MGB,,
277,L13,Sample_06,"""RGB(73,0,255)""",,,RALYL,"""RGB(67,160,71)""",UNKNOWN,CY5,NFQ-MGB,,
278,L14,Sample_13,"""RGB(109,0,255)""",,,GSX1,"""RGB(0,137,123)""",UNKNOWN,VIC,NFQ-MGB,,
278,L14,Sample_13,"""RGB(109,0,255)""",,,RALYL,"""RGB(67,160,71)""",UNKNOWN,CY5,NFQ-MGB,,
279,L15,Sample_20,"""RGB(146,0,255)""",,,GSX1,"""RGB(0,137,123)""",UNKNOWN,VIC,NFQ-MGB,,
279,L15,Sample_20,"""RGB(146,0,255)""",,,RALYL,"""RGB(67,160,71)""",UNKNOWN,CY5,NFQ-MGB,,
280,L16,Sample_27,"""RGB(182,0,255)""",,,GSX1,"""RGB(0,137,123)""",UNKNOWN,VIC,NFQ-MGB,,
280,L16,Sample_27,"""RGB(182,0,255)""",,,RALYL,"""RGB(67,160,71)""",UNKNOWN,CY5,NFQ-MGB,,
281,L17,Sample_34,"""RGB(219,0,255)""",,,GSX1,"""RGB(0,137,123)""",UNKNOWN,VIC,NFQ-MGB,,
281,L17,Sample_34,"""RGB(219,0,255)""",,,RALYL,"""RGB(67,160,71)""",UNKNOWN,CY5,NFQ-MGB,,
282,L18,Sample_41,"""RGB(255,0,255)""",,,GSX1,"""RGB(0,137,123)""",UNKNOWN,VIC,NFQ-MGB,,
282,L18,Sample_41,"""RGB(255,0,255)""",,,RALYL,"""RGB(67,160,71)""",UNKNOWN,CY5,NFQ-MGB,,
283,L19,Sample_06,"""RGB(73,0,255)""",,,COL2A1,"""RGB(216,27,96)""",UNKNOWN,FAM,NFQ-MGB,,
283,L19,Sample_06,"""RGB(73,0,255)""",,,ImC,"""RGB(192,202,51)""",UNKNOWN,VIC,NFQ-MGB,,
283,L19,Sample_06,"""RGB(73,0,255)""",,,EpC,"""RGB(0,137,123)""",UNKNOWN,CY5,NFQ-MGB,,
284,L20,Sample_13,"""RGB(109,0,255)""",,,COL2A1,"""RGB(216,27,96)""",UNKNOWN,FAM,NFQ-MGB,,
284,L20,Sample_13,"""RGB(109,0,255)""",,,ImC,"""RGB(192,202,51)""",UNKNOWN,VIC,NFQ-MGB,,
284,L20,Sample_13,"""RGB(109,0,255)""",,,EpC,"""RGB(0,137,123)""",UNKNOWN,CY5,NFQ-MGB,,
285,L21,Sample_20,"""RGB(146,0,255)""",,,COL2A1,"""RGB(216,27,96)""",UNKNOWN,FAM,NFQ-MGB,,
285,L21,Sample_20,"""RGB(146,0,255)""",,,ImC,"""RGB(192,202,51)""",UNKNOWN,VIC,NFQ-MGB,,
285,L21,Sample_20,"""RGB(146,0,255)""",,,EpC,"""RGB(0,137,123)""",UNKNOWN,CY5,NFQ-MGB,,
286,L22,Sample_27,"""RGB(182,0,255)""",,,COL2A1,"""RGB(216,27,96)""",UNKNOWN,FAM,NFQ-MGB,,
286,L22,Sample_27,"""RGB(182,0,255)""",,,ImC,"""RGB(192,202,51)""",UNKNOWN,VIC,NFQ-MGB,,
286,L22,Sample_27,"""RGB(182,0,255)""",,,EpC,"""RGB(0,137,123)""",UNKNOWN,CY5,NFQ-MGB,,
287,L23,Sample_34,"""RGB(219,0,255)""",,,COL2A1,"""RGB(216,27,96)""",UNKNOWN,FAM,NFQ-MGB,,
287,L23,Sample_34,"""RGB(219,0,255)""",,,ImC,"""RGB(192,202,51)""",UNKNOWN,VIC,NFQ-MGB,,
287,L23,Sample_34,"""RGB(219,0,255)""",,,EpC,"""RGB(0,137,123)""",UNKNOWN,CY5,NFQ-MGB,,
288,L24,Sample_41,"""RGB(255,0,255)""",,,COL2A1,"""RGB(216,27,96)""",UNKNOWN,FAM,NFQ-MGB,,
288,L24,Sample_41,"""RGB(255,0,255)""",,,ImC,"""RGB(192,202,51)""",UNKNOWN,VIC,NFQ-MGB,,
288,L24,Sample_41,"""RGB(255,0,255)""",,,EpC,"""RGB(0,137,123)""",UNKNOWN,CY5,NFQ-MGB,,
289,M1,Sample_07,"""RGB(255,0,219)""",,,GYPC1,"""RGB(30,136,229)""",UNKNOWN,CY5,NFQ-MGB,,
289,M1,Sample_07,"""RGB(255,0,219)""",,,ZSCAN12,"""RGB(67,160,71)""",UNKNOWN,VIC,NFQ-MGB,,
290,M2,Sample_14,"""RGB(255,0,182)""",,,GYPC1,"""RGB(30,136,229)""",UNKNOWN,CY5,NFQ-MGB,,
290,M2,Sample_14,"""RGB(255,0,182)""",,,ZSCAN12,"""RGB(67,160,71)""",UNKNOWN,VIC,NFQ-MGB,,
291,M3,Sample_21,"""RGB(255,0,146)""",,,GYPC1,"""RGB(30,136,229)""",UNKNOWN,CY5,NFQ-MGB,,
291,M3,Sample_21,"""RGB(255,0,146)""",,,ZSCAN12,"""RGB(67,160,71)""",UNKNOWN,VIC,NFQ-MGB,,
292,M4,Sample_28,"""RGB(255,0,109)""",,,GYPC1,"""RGB(30,136,229)""",UNKNOWN,CY5,NFQ-MGB,,
292,M4,Sample_28,"""RGB(255,0,109)""",,,ZSCAN12,"""RGB(67,160,71)""",UNKNOWN,VIC,NFQ-MGB,,
293,M5,Sample_35,"""RGB(255,0,73)""",,,GYPC1,"""RGB(30,136,229)""",UNKNOWN,CY5,NFQ-MGB,,
293,M5,Sample_35,"""RGB(255,0,73)""",,,ZSCAN12,"""RGB(67,160,71)""",UNKNOWN,VIC,NFQ-MGB,,
294,M6,Sample_42,"""RGB(255,0,36)""",,,GYPC1,"""RGB(30,136,229)""",UNKNOWN,CY5,NFQ-MGB,,
294,M6,Sample_42,"""RGB(255,0,36)""",,,ZSCAN12,"""RGB(67,160,71)""",UNKNOWN,VIC,NFQ-MGB,,
295,M7,Sample_07,"""RGB(255,0,219)""",,,DPP6,"""RGB(124,179,66)""",UNKNOWN,VIC,NFQ-MGB,,
295,M7,Sample_07,"""RGB(255,0,219)""",,,GYPC2,"""RGB(0,172,193)""",UNKNOWN,CY5,NFQ-MGB,,
296,M8,Sample_14,"""RGB(255,0,182)""",,,DPP6,"""RGB(124,179,66)""",UNKNOWN,VIC,NFQ-MGB,,
296,M8,Sample_14,"""RGB(255,0,182)""",,,GYPC2,"""RGB(0,172,193)""",UNKNOWN,CY5,NFQ-MGB,,
297,M9,Sample_21,"""RGB(255,0,146)""",,,DPP6,"""RGB(124,179,66)""",UNKNOWN,VIC,NFQ-MGB,,
297,M9,Sample_21,"""RGB(255,0,146)""",,,GYPC2,"""RGB(0,172,193)""",UNKNOWN,CY5,NFQ-MGB,,
298,M10,Sample_28,"""RGB(255,0,109)""",,,DPP6,"""RGB(124,179,66)""",UNKNOWN,VIC,NFQ-MGB,,
298,M10,Sample_28,"""RGB(255,0,109)""",,,GYPC2,"""RGB(0,172,193)""",UNKNOWN,CY5,NFQ-MGB,,
299,M11,Sample_35,"""RGB(255,0,73)""",,,DPP6,"""RGB(124,179,66)""",UNKNOWN,VIC,NFQ-MGB,,
299,M11,Sample_35,"""RGB(255,0,73)""",,,GYPC2,"""RGB(0,172,193)""",UNKNOWN,CY5,NFQ-MGB,,
300,M12,Sample_42,"""RGB(255,0,36)""",,,DPP6,"""RGB(124,179,66)""",UNKNOWN,VIC,NFQ-MGB,,
300,M12,Sample_42,"""RGB(255,0,36)""",,,GYPC2,"""RGB(0,172,193)""",UNKNOWN,CY5,NFQ-MGB,,
301,M13,Sample_07,"""RGB(255,0,219)""",,,GSX1,"""RGB(0,137,123)""",UNKNOWN,VIC,NFQ-MGB,,
301,M13,Sample_07,"""RGB(255,0,219)""",,,RALYL,"""RGB(67,160,71)""",UNKNOWN,CY5,NFQ-MGB,,
302,M14,Sample_14,"""RGB(255,0,182)""",,,GSX1,"""RGB(0,137,123)""",UNKNOWN,VIC,NFQ-MGB,,
302,M14,Sample_14,"""RGB(255,0,182)""",,,RALYL,"""RGB(67,160,71)""",UNKNOWN,CY5,NFQ-MGB,,
303,M15,Sample_21,"""RGB(255,0,146)""",,,GSX1,"""RGB(0,137,123)""",UNKNOWN,VIC,NFQ-MGB,,
303,M15,Sample_21,"""RGB(255,0,146)""",,,RALYL,"""RGB(67,160,71)""",UNKNOWN,CY5,NFQ-MGB,,
304,M16,Sample_28,"""RGB(255,0,109)""",,,GSX1,"""RGB(0,137,123)""",UNKNOWN,VIC,NFQ-MGB,,
304,M16,Sample_28,"""RGB(255,0,109)""",,,RALYL,"""RGB(67,160,71)""",UNKNOWN,CY5,NFQ-MGB,,
305,M17,Sample_35,"""RGB(255,0,73)""",,,GSX1,"""RGB(0,137,123)""",UNKNOWN,VIC,NFQ-MGB,,
305,M17,Sample_35,"""RGB(255,0,73)""",,,RALYL,"""RGB(67,160,71)""",UNKNOWN,CY5,NFQ-MGB,,
306,M18,Sample_42,"""RGB(255,0,36)""",,,GSX1,"""RGB(0,137,123)""",UNKNOWN,VIC,NFQ-MGB,,
306,M18,Sample_42,"""RGB(255,0,36)""",,,RALYL,"""RGB(67,160,71)""",UNKNOWN,CY5,NFQ-MGB,,
307,M19,Sample_07,"""RGB(255,0,219)""",,,COL2A1,"""RGB(216,27,96)""",UNKNOWN,FAM,NFQ-MGB,,
307,M19,Sample_07,"""RGB(255,0,219)""",,,ImC,"""RGB(192,202,51)""",UNKNOWN,VIC,NFQ-MGB,,
307,M19,Sample_07,"""RGB(255,0,219)""",,,EpC,"""RGB(0,137,123)""",UNKNOWN,CY5,NFQ-MGB,,
308,M20,Sample_14,"""RGB(255,0,182)""",,,COL2A1,"""RGB(216,27,96)""",UNKNOWN,FAM,NFQ-MGB,,
308,M20,Sample_14,"""RGB(255,0,182)""",,,ImC,"""RGB(192,202,51)""",UNKNOWN,VIC,NFQ-MGB,,
308,M20,Sample_14,"""RGB(255,0,182)""",,,EpC,"""RGB(0,137,123)""",UNKNOWN,CY5,NFQ-MGB,,
309,M21,Sample_21,"""RGB(255,0,146)""",,,COL2A1,"""RGB(216,27,96)""",UNKNOWN,FAM,NFQ-MGB,,
309,M21,Sample_21,"""RGB(255,0,146)""",,,ImC,"""RGB(192,202,51)""",UNKNOWN,VIC,NFQ-MGB,,
309,M21,Sample_21,"""RGB(255,0,146)""",,,EpC,"""RGB(0,137,123)""",UNKNOWN,CY5,NFQ-MGB,,
310,M22,Sample_28,"""RGB(255,0,109)""",,,COL2A1,"""RGB(216,27,96)""",UNKNOWN,FAM,NFQ-MGB,,
310,M22,Sample_28,"""RGB(255,0,109)""",,,ImC,"""RGB(192,202,51)""",UNKNOWN,VIC,NFQ-MGB,,
310,M22,Sample_28,"""RGB(255,0,109)""",,,EpC,"""RGB(0,137,123)""",UNKNOWN,CY5,NFQ-MGB,,
311,M23,Sample_35,"""RGB(255,0,73)""",,,COL2A1,"""RGB(216,27,96)""",UNKNOWN,FAM,NFQ-MGB,,
311,M23,Sample_35,"""RGB(255,0,73)""",,,ImC,"""RGB(192,202,51)""",UNKNOWN,VIC,NFQ-MGB,,
311,M23,Sample_35,"""RGB(255,0,73)""",,,EpC,"""RGB(0,137,123)""",UNKNOWN,CY5,NFQ-MGB,,
312,M24,Sample_42,"""RGB(255,0,36)""",,,COL2A1,"""RGB(216,27,96)""",UNKNOWN,FAM,NFQ-MGB,,
312,M24,Sample_42,"""RGB(255,0,36)""",,,ImC,"""RGB(192,202,51)""",UNKNOWN,VIC,NFQ-MGB,,
312,M24,Sample_42,"""RGB(255,0,36)""",,,EpC,"""RGB(0,137,123)""",UNKNOWN,CY5,NFQ-MGB,,
313,N1,Sample_07,"""RGB(255,0,219)""",,,GYPC1,"""RGB(30,136,229)""",UNKNOWN,CY5,NFQ-MGB,,
313,N1,Sample_07,"""RGB(255,0,219)""",,,ZSCAN12,"""RGB(67,160,71)""",UNKNOWN,VIC,NFQ-MGB,,
314,N2,Sample_14,"""RGB(255,0,182)""",,,GYPC1,"""RGB(30,136,229)""",UNKNOWN,CY5,NFQ-MGB,,
314,N2,Sample_14,"""RGB(255,0,182)""",,,ZSCAN12,"""RGB(67,160,71)""",UNKNOWN,VIC,NFQ-MGB,,
315,N3,Sample_21,"""RGB(255,0,146)""",,,GYPC1,"""RGB(30,136,229)""",UNKNOWN,CY5,NFQ-MGB,,
315,N3,Sample_21,"""RGB(255,0,146)""",,,ZSCAN12,"""RGB(67,160,71)""",UNKNOWN,VIC,NFQ-MGB,,
316,N4,Sample_28,"""RGB(255,0,109)""",,,GYPC1,"""RGB(30,136,229)""",UNKNOWN,CY5,NFQ-MGB,,
316,N4,Sample_28,"""RGB(255,0,109)""",,,ZSCAN12,"""RGB(67,160,71)""",UNKNOWN,VIC,NFQ-MGB,,
317,N5,Sample_35,"""RGB(255,0,73)""",,,GYPC1,"""RGB(30,136,229)""",UNKNOWN,CY5,NFQ-MGB,,
317,N5,Sample_35,"""RGB(255,0,73)""",,,ZSCAN12,"""RGB(67,160,71)""",UNKNOWN,VIC,NFQ-MGB,,
318,N6,Sample_42,"""RGB(255,0,36)""",,,GYPC1,"""RGB(30,136,229)""",UNKNOWN,CY5,NFQ-MGB,,
318,N6,Sample_42,"""RGB(255,0,36)""",,,ZSCAN12,"""RGB(67,160,71)""",UNKNOWN,VIC,NFQ-MGB,,
319,N7,Sample_07,"""RGB(255,0,219)""",,,DPP6,"""RGB(124,179,66)""",UNKNOWN,VIC,NFQ-MGB,,
319,N7,Sample_07,"""RGB(255,0,219)""",,,GYPC2,"""RGB(0,172,193)""",UNKNOWN,CY5,NFQ-MGB,,
320,N8,Sample_14,"""RGB(255,0,182)""",,,DPP6,"""RGB(124,179,66)""",UNKNOWN,VIC,NFQ-MGB,,
320,N8,Sample_14,"""RGB(255,0,182)""",,,GYPC2,"""RGB(0,172,193)""",UNKNOWN,CY5,NFQ-MGB,,
321,N9,Sample_21,"""RGB(255,0,146)""",,,DPP6,"""RGB(124,179,66)""",UNKNOWN,VIC,NFQ-MGB,,
321,N9,Sample_21,"""RGB(255,0,146)""",,,GYPC2,"""RGB(0,172,193)""",UNKNOWN,CY5,NFQ-MGB,,
322,N10,Sample_28,"""RGB(255,0,109)""",,,DPP6,"""RGB(124,179,66)""",UNKNOWN,VIC,NFQ-MGB,,
322,N10,Sample_28,"""RGB(255,0,109)""",,,GYPC2,"""RGB(0,172,193)""",UNKNOWN,CY5,NFQ-MGB,,
323,N11,Sample_35,"""RGB(255,0,73)""",,,DPP6,"""RGB(124,179,66)""",UNKNOWN,VIC,NFQ-MGB,,
323,N11,Sample_35,"""RGB(255,0,73)""",,,GYPC2,"""RGB(0,172,193)""",UNKNOWN,CY5,NFQ-MGB,,
324,N12,Sample_42,"""RGB(255,0,36)""",,,DPP6,"""RGB(124,179,66)""",UNKNOWN,VIC,NFQ-MGB,,
324,N12,Sample_42,"""RGB(255,0,36)""",,,GYPC2,"""RGB(0,172,193)""",UNKNOWN,CY5,NFQ-MGB,,
325,N13,Sample_07,"""RGB(255,0,219)""",,,GSX1,"""RGB(0,137,123)""",UNKNOWN,VIC,NFQ-MGB,,
325,N13,Sample_07,"""RGB(255,0,219)""",,,RALYL,"""RGB(67,160,71)""",UNKNOWN,CY5,NFQ-MGB,,
326,N14,Sample_14,"""RGB(255,0,182)""",,,GSX1,"""RGB(0,137,123)""",UNKNOWN,VIC,NFQ-MGB,,
326,N14,Sample_14,"""RGB(255,0,182)""",,,RALYL,"""RGB(67,160,71)""",UNKNOWN,CY5,NFQ-MGB,,
327,N15,Sample_21,"""RGB(255,0,146)""",,,GSX1,"""RGB(0,137,123)""",UNKNOWN,VIC,NFQ-MGB,,
327,N15,Sample_21,"""RGB(255,0,146)""",,,RALYL,"""RGB(67,160,71)""",UNKNOWN,CY5,NFQ-MGB,,
328,N16,Sample_28,"""RGB(255,0,109)""",,,GSX1,"""RGB(0,137,123)""",UNKNOWN,VIC,NFQ-MGB,,
328,N16,Sample_28,"""RGB(255,0,109)""",,,RALYL,"""RGB(67,160,71)""",UNKNOWN,CY5,NFQ-MGB,,
329,N17,Sample_35,"""RGB(255,0,73)""",,,GSX1,"""RGB(0,137,123)""",UNKNOWN,VIC,NFQ-MGB,,
329,N17,Sample_35,"""RGB(255,0,73)""",,,RALYL,"""RGB(67,160,71)""",UNKNOWN,CY5,NFQ-MGB,,
330,N18,Sample_42,"""RGB(255,0,36)""",,,GSX1,"""RGB(0,137,123)""",UNKNOWN,VIC,NFQ-MGB,,
330,N18,Sample_42,"""RGB(255,0,36)""",,,RALYL,"""RGB(67,160,71)""",UNKNOWN,CY5,NFQ-MGB,,
331,N19,Sample_07,"""RGB(255,0,219)""",,,COL2A1,"""RGB(216,27,96)""",UNKNOWN,FAM,NFQ-MGB,,
331,N19,Sample_07,"""RGB(255,0,219)""",,,ImC,"""RGB(192,202,51)""",UNKNOWN,VIC,NFQ-MGB,,
331,N19,Sample_07,"""RGB(255,0,219)""",,,EpC,"""RGB(0,137,123)""",UNKNOWN,CY5,NFQ-MGB,,
332,N20,Sample_14,"""RGB(255,0,182)""",,,COL2A1,"""RGB(216,27,96)""",UNKNOWN,FAM,NFQ-MGB,,
332,N20,Sample_14,"""RGB(255,0,182)""",,,ImC,"""RGB(192,202,51)""",UNKNOWN,VIC,NFQ-MGB,,
332,N20,Sample_14,"""RGB(255,0,182)""",,,EpC,"""RGB(0,137,123)""",UNKNOWN,CY5,NFQ-MGB,,
333,N21,Sample_21,"""RGB(255,0,146)""",,,COL2A1,"""RGB(216,27,96)""",UNKNOWN,FAM,NFQ-MGB,,
333,N21,Sample_21,"""RGB(255,0,146)""",,,ImC,"""RGB(192,202,51)""",UNKNOWN,VIC,NFQ-MGB,,
333,N21,Sample_21,"""RGB(255,0,146)""",,,EpC,"""RGB(0,137,123)""",UNKNOWN,CY5,NFQ-MGB,,
334,N22,Sample_28,"""RGB(255,0,109)""",,,COL2A1,"""RGB(216,27,96)""",UNKNOWN,FAM,NFQ-MGB,,
334,N22,Sample_28,"""RGB(255,0,109)""",,,ImC,"""RGB(192,202,51)""",UNKNOWN,VIC,NFQ-MGB,,
334,N22,Sample_28,"""RGB(255,0,109)""",,,EpC,"""RGB(0,137,123)""",UNKNOWN,CY5,NFQ-MGB,,
335,N23,Sample_35,"""RGB(255,0,73)""",,,COL2A1,"""RGB(216,27,96)""",UNKNOWN,FAM,NFQ-MGB,,
335,N23,Sample_35,"""RGB(255,0,73)""",,,ImC,"""RGB(192,202,51)""",UNKNOWN,VIC,NFQ-MGB,,
335,N23,Sample_35,"""RGB(255,0,73)""",,,EpC,"""RGB(0,137,123)""",UNKNOWN,CY5,NFQ-MGB,,
336,N24,Sample_42,"""RGB(255,0,36)""",,,COL2A1,"""RGB(216,27,96)""",UNKNOWN,FAM,NFQ-MGB,,
336,N24,Sample_42,"""RGB(255,0,36)""",,,ImC,"""RGB(192,202,51)""",UNKNOWN,VIC,NFQ-MGB,,
336,N24,Sample_42,"""RGB(255,0,36)""",,,EpC,"""RGB(0,137,123)""",UNKNOWN,CY5,NFQ-MGB,,
337,O1,STD1,"""RGB(31,119,180)""",,,ZSCAN12,"""RGB(67,160,71)""",STANDARD,VIC,NFQ-MGB,,
337,O1,STD1,"""RGB(31,119,180)""",,,GYPC1,"""RGB(30,136,229)""",STANDARD,CY5,NFQ-MGB,,
338,O2,STD2,"""RGB(255,127,14)""",,,ZSCAN12,"""RGB(67,160,71)""",STANDARD,VIC,NFQ-MGB,,
338,O2,STD2,"""RGB(255,127,14)""",,,GYPC1,"""RGB(30,136,229)""",STANDARD,CY5,NFQ-MGB,,
339,O3,STD3,"""RGB(44,160,44)""",,,ZSCAN12,"""RGB(67,160,71)""",STANDARD,VIC,NFQ-MGB,,
339,O3,STD3,"""RGB(44,160,44)""",,,GYPC1,"""RGB(30,136,229)""",STANDARD,CY5,NFQ-MGB,,
340,O4,STD4,"""RGB(214,39,40)""",,,ZSCAN12,"""RGB(67,160,71)""",STANDARD,VIC,NFQ-MGB,,
340,O4,STD4,"""RGB(214,39,40)""",,,GYPC1,"""RGB(30,136,229)""",STANDARD,CY5,NFQ-MGB,,
341,O5,gBlock,"""RGB(148,103,189)""",,,ZSCAN12,"""RGB(67,160,71)""",UNKNOWN,VIC,NFQ-MGB,,
341,O5,gBlock,"""RGB(148,103,189)""",,,GYPC1,"""RGB(30,136,229)""",UNKNOWN,CY5,NFQ-MGB,,
342,O6,H2O,"""RGB(30,136,229)""",,,GYPC1,"""RGB(30,136,229)""",UNKNOWN,CY5,NFQ-MGB,,
342,O6,H2O,"""RGB(30,136,229)""",,,ZSCAN12,"""RGB(67,160,71)""",UNKNOWN,VIC,NFQ-MGB,,
343,O7,STD1,"""RGB(31,119,180)""",,,DPP6,"""RGB(124,179,66)""",STANDARD,VIC,NFQ-MGB,,
343,O7,STD1,"""RGB(31,119,180)""",,,GYPC2,"""RGB(0,172,193)""",STANDARD,CY5,NFQ-MGB,,
344,O8,STD2,"""RGB(255,127,14)""",,,DPP6,"""RGB(124,179,66)""",STANDARD,VIC,NFQ-MGB,,
344,O8,STD2,"""RGB(255,127,14)""",,,GYPC2,"""RGB(0,172,193)""",STANDARD,CY5,NFQ-MGB,,
345,O9,STD3,"""RGB(44,160,44)""",,,DPP6,"""RGB(124,179,66)""",STANDARD,VIC,NFQ-MGB,,
345,O9,STD3,"""RGB(44,160,44)""",,,GYPC2,"""RGB(0,172,193)""",STANDARD,CY5,NFQ-MGB,,
346,O10,STD4,"""RGB(214,39,40)""",,,DPP6,"""RGB(124,179,66)""",STANDARD,VIC,NFQ-MGB,,
346,O10,STD4,"""RGB(214,39,40)""",,,GYPC2,"""RGB(0,172,193)""",STANDARD,CY5,NFQ-MGB,,
347,O11,gBlock,"""RGB(148,103,189)""",,,DPP6,"""RGB(124,179,66)""",UNKNOWN,VIC,NFQ-MGB,,
347,O11,gBlock,"""RGB(148,103,189)""",,,GYPC2,"""RGB(0,172,193)""",UNKNOWN,CY5,NFQ-MGB,,
348,O12,H2O,"""RGB(30,136,229)""",,,DPP6,"""RGB(124,179,66)""",UNKNOWN,VIC,NFQ-MGB,,
348,O12,H2O,"""RGB(30,136,229)""",,,GYPC2,"""RGB(0,172,193)""",UNKNOWN,CY5,NFQ-MGB,,
349,O13,STD1,"""RGB(31,119,180)""",,,GSX1,"""RGB(0,137,123)""",STANDARD,VIC,NFQ-MGB,,
349,O13,STD1,"""RGB(31,119,180)""",,,RALYL,"""RGB(67,160,71)""",STANDARD,CY5,NFQ-MGB,,
350,O14,STD2,"""RGB(255,127,14)""",,,GSX1,"""RGB(0,137,123)""",STANDARD,VIC,NFQ-MGB,,
350,O14,STD2,"""RGB(255,127,14)""",,,RALYL,"""RGB(67,160,71)""",STANDARD,CY5,NFQ-MGB,,
351,O15,STD3,"""RGB(44,160,44)""",,,GSX1,"""RGB(0,137,123)""",STANDARD,VIC,NFQ-MGB,,
351,O15,STD3,"""RGB(44,160,44)""",,,RALYL,"""RGB(67,160,71)""",STANDARD,CY5,NFQ-MGB,,
352,O16,STD4,"""RGB(214,39,40)""",,,GSX1,"""RGB(0,137,123)""",STANDARD,VIC,NFQ-MGB,,
352,O16,STD4,"""RGB(214,39,40)""",,,RALYL,"""RGB(67,160,71)""",STANDARD,CY5,NFQ-MGB,,
353,O17,gBlock,"""RGB(148,103,189)""",,,GSX1,"""RGB(0,137,123)""",UNKNOWN,VIC,NFQ-MGB,,
353,O17,gBlock,"""RGB(148,103,189)""",,,RALYL,"""RGB(67,160,71)""",UNKNOWN,CY5,NFQ-MGB,,
354,O18,H2O,"""RGB(30,136,229)""",,,GSX1,"""RGB(0,137,123)""",UNKNOWN,VIC,NFQ-MGB,,
354,O18,H2O,"""RGB(30,136,229)""",,,RALYL,"""RGB(67,160,71)""",UNKNOWN,CY5,NFQ-MGB,,
355,O19,STD1,"""RGB(31,119,180)""",,,COL2A1,"""RGB(216,27,96)""",STANDARD,FAM,NFQ-MGB,,
355,O19,STD1,"""RGB(31,119,180)""",,,ImC,"""RGB(192,202,51)""",STANDARD,VIC,NFQ-MGB,,
355,O19,STD1,"""RGB(31,119,180)""",,,EpC,"""RGB(0,137,123)""",STANDARD,CY5,NFQ-MGB,,
356,O20,STD2,"""RGB(214,39,40)""",,,COL2A1,"""RGB(216,27,96)""",STANDARD,FAM,NFQ-MGB,,
356,O20,STD2,"""RGB(214,39,40)""",,,ImC,"""RGB(192,202,51)""",STANDARD,VIC,NFQ-MGB,,
356,O20,STD2,"""RGB(214,39,40)""",,,EpC,"""RGB(0,137,123)""",STANDARD,CY5,NFQ-MGB,,
357,O21,STD3,"""RGB(44,160,44)""",,,COL2A1,"""RGB(216,27,96)""",STANDARD,FAM,NFQ-MGB,,
357,O21,STD3,"""RGB(44,160,44)""",,,ImC,"""RGB(192,202,51)""",STANDARD,VIC,NFQ-MGB,,
357,O21,STD3,"""RGB(44,160,44)""",,,EpC,"""RGB(0,137,123)""",STANDARD,CY5,NFQ-MGB,,
358,O22,STD4,"""RGB(214,39,40)""",,,COL2A1,"""RGB(216,27,96)""",STANDARD,FAM,NFQ-MGB,,
358,O22,STD4,"""RGB(214,39,40)""",,,ImC,"""RGB(192,202,51)""",STANDARD,VIC,NFQ-MGB,,
358,O22,STD4,"""RGB(214,39,40)""",,,EpC,"""RGB(0,137,123)""",STANDARD,CY5,NFQ-MGB,,
359,O23,gBlock,"""RGB(148,103,189)""",,,COL2A1,"""RGB(216,27,96)""",UNKNOWN,FAM,NFQ-MGB,,
359,O23,gBlock,"""RGB(148,103,189)""",,,ImC,"""RGB(192,202,51)""",UNKNOWN,VIC,NFQ-MGB,,
359,O23,gBlock,"""RGB(148,103,189)""",,,EpC,"""RGB(0,137,123)""",UNKNOWN,CY5,NFQ-MGB,,
360,O24,H2O,"""RGB(30,136,229)""",,,COL2A1,"""RGB(216,27,96)""",UNKNOWN,FAM,NFQ-MGB,,
360,O24,H2O,"""RGB(30,136,229)""",,,ImC,"""RGB(192,202,51)""",UNKNOWN,VIC,NFQ-MGB,,
360,O24,H2O,"""RGB(30,136,229)""",,,EpC,"""RGB(0,137,123)""",UNKNOWN,CY5,NFQ-MGB,,
361,P1,STD1,"""RGB(31,119,180)""",,,ZSCAN12,"""RGB(67,160,71)""",STANDARD,VIC,NFQ-MGB,,
361,P1,STD1,"""RGB(31,119,180)""",,,GYPC1,"""RGB(30,136,229)""",STANDARD,CY5,NFQ-MGB,,
362,P2,STD2,"""RGB(255,127,14)""",,,ZSCAN12,"""RGB(67,160,71)""",STANDARD,VIC,NFQ-MGB,,
362,P2,STD2,"""RGB(255,127,14)""",,,GYPC1,"""RGB(30,136,229)""",STANDARD,CY5,NFQ-MGB,,
363,P3,STD3,"""RGB(44,160,44)""",,,ZSCAN12,"""RGB(67,160,71)""",STANDARD,VIC,NFQ-MGB,,
363,P3,STD3,"""RGB(44,160,44)""",,,GYPC1,"""RGB(30,136,229)""",STANDARD,CY5,NFQ-MGB,,
364,P4,STD4,"""RGB(214,39,40)""",,,ZSCAN12,"""RGB(67,160,71)""",STANDARD,VIC,NFQ-MGB,,
364,P4,STD4,"""RGB(214,39,40)""",,,GYPC1,"""RGB(30,136,229)""",STANDARD,CY5,NFQ-MGB,,
365,P5,gBlock,"""RGB(148,103,189)""",,,ZSCAN12,"""RGB(67,160,71)""",UNKNOWN,VIC,NFQ-MGB,,
365,P5,gBlock,"""RGB(148,103,189)""",,,GYPC1,"""RGB(30,136,229)""",UNKNOWN,CY5,NFQ-MGB,,
366,P6,H2O,"""RGB(30,136,229)""",,,GYPC1,"""RGB(30,136,229)""",UNKNOWN,CY5,NFQ-MGB,,
366,P6,H2O,"""RGB(30,136,229)""",,,ZSCAN12,"""RGB(67,160,71)""",UNKNOWN,VIC,NFQ-MGB,,
367,P7,STD1,"""RGB(31,119,180)""",,,DPP6,"""RGB(124,179,66)""",STANDARD,VIC,NFQ-MGB,,
367,P7,STD1,"""RGB(31,119,180)""",,,GYPC2,"""RGB(0,172,193)""",STANDARD,CY5,NFQ-MGB,,
368,P8,STD2,"""RGB(255,127,14)""",,,DPP6,"""RGB(124,179,66)""",STANDARD,VIC,NFQ-MGB,,
368,P8,STD2,"""RGB(255,127,14)""",,,GYPC2,"""RGB(0,172,193)""",STANDARD,CY5,NFQ-MGB,,
369,P9,STD3,"""RGB(44,160,44)""",,,DPP6,"""RGB(124,179,66)""",STANDARD,VIC,NFQ-MGB,,
369,P9,STD3,"""RGB(44,160,44)""",,,GYPC2,"""RGB(0,172,193)""",STANDARD,CY5,NFQ-MGB,,
370,P10,STD4,"""RGB(214,39,40)""",,,DPP6,"""RGB(124,179,66)""",STANDARD,VIC,NFQ-MGB,,
370,P10,STD4,"""RGB(214,39,40)""",,,GYPC2,"""RGB(0,172,193)""",STANDARD,CY5,NFQ-MGB,,
371,P11,gBlock,"""RGB(148,103,189)""",,,DPP6,"""RGB(124,179,66)""",UNKNOWN,VIC,NFQ-MGB,,
371,P11,gBlock,"""RGB(148,103,189)""",,,GYPC2,"""RGB(0,172,193)""",UNKNOWN,CY5,NFQ-MGB,,
372,P12,H2O,"""RGB(30,136,229)""",,,DPP6,"""RGB(124,179,66)""",UNKNOWN,VIC,NFQ-MGB,,
372,P12,H2O,"""RGB(30,136,229)""",,,GYPC2,"""RGB(0,172,193)""",UNKNOWN,CY5,NFQ-MGB,,
373,P13,STD1,"""RGB(31,119,180)""",,,GSX1,"""RGB(0,137,123)""",STANDARD,VIC,NFQ-MGB,,
373,P13,STD1,"""RGB(31,119,180)""",,,RALYL,"""RGB(67,160,71)""",STANDARD,CY5,NFQ-MGB,,
374,P14,STD2,"""RGB(255,127,14)""",,,GSX1,"""RGB(0,137,123)""",STANDARD,VIC,NFQ-MGB,,
374,P14,STD2,"""RGB(255,127,14)""",,,RALYL,"""RGB(67,160,71)""",STANDARD,CY5,NFQ-MGB,,
375,P15,STD3,"""RGB(44,160,44)""",,,GSX1,"""RGB(0,137,123)""",STANDARD,VIC,NFQ-MGB,,
375,P15,STD3,"""RGB(44,160,44)""",,,RALYL,"""RGB(67,160,71)""",STANDARD,CY5,NFQ-MGB,,
376,P16,STD4,"""RGB(214,39,40)""",,,GSX1,"""RGB(0,137,123)""",STANDARD,VIC,NFQ-MGB,,
376,P16,STD4,"""RGB(214,39,40)""",,,RALYL,"""RGB(67,160,71)""",STANDARD,CY5,NFQ-MGB,,
377,P17,gBlock,"""RGB(148,103,189)""",,,GSX1,"""RGB(0,137,123)""",UNKNOWN,VIC,NFQ-MGB,,
377,P17,gBlock,"""RGB(148,103,189)""",,,RALYL,"""RGB(67,160,71)""",UNKNOWN,CY5,NFQ-MGB,,
378,P18,H2O,"""RGB(30,136,229)""",,,GSX1,"""RGB(0,137,123)""",UNKNOWN,VIC,NFQ-MGB,,
378,P18,H2O,"""RGB(30,136,229)""",,,RALYL,"""RGB(67,160,71)""",UNKNOWN,CY5,NFQ-MGB,,
379,P19,STD1,"""RGB(31,119,180)""",,,COL2A1,"""RGB(216,27,96)""",STANDARD,FAM,NFQ-MGB,,
379,P19,STD1,"""RGB(31,119,180)""",,,ImC,"""RGB(192,202,51)""",STANDARD,VIC,NFQ-MGB,,
379,P19,STD1,"""RGB(31,119,180)""",,,EpC,"""RGB(0,137,123)""",STANDARD,CY5,NFQ-MGB,,
380,P20,STD2,"""RGB(214,39,40)""",,,COL2A1,"""RGB(216,27,96)""",STANDARD,FAM,NFQ-MGB,,
380,P20,STD2,"""RGB(214,39,40)""",,,ImC,"""RGB(192,202,51)""",STANDARD,VIC,NFQ-MGB,,
380,P20,STD2,"""RGB(214,39,40)""",,,EpC,"""RGB(0,137,123)""",STANDARD,CY5,NFQ-MGB,,
381,P21,STD3,"""RGB(44,160,44)""",,,COL2A1,"""RGB(216,27,96)""",STANDARD,FAM,NFQ-MGB,,
381,P21,STD3,"""RGB(44,160,44)""",,,ImC,"""RGB(192,202,51)""",STANDARD,VIC,NFQ-MGB,,
381,P21,STD3,"""RGB(44,160,44)""",,,EpC,"""RGB(0,137,123)""",STANDARD,CY5,NFQ-MGB,,
382,P22,STD4,"""RGB(214,39,40)""",,,COL2A1,"""RGB(216,27,96)""",STANDARD,FAM,NFQ-MGB,,
382,P22,STD4,"""RGB(214,39,40)""",,,ImC,"""RGB(192,202,51)""",STANDARD,VIC,NFQ-MGB,,
382,P22,STD4,"""RGB(214,39,40)""",,,EpC,"""RGB(0,137,123)""",STANDARD,CY5,NFQ-MGB,,
383,P23,gBlock,"""RGB(148,103,189)""",,,COL2A1,"""RGB(216,27,96)""",UNKNOWN,FAM,NFQ-MGB,,
383,P23,gBlock,"""RGB(148,103,189)""",,,ImC,"""RGB(192,202,51)""",UNKNOWN,VIC,NFQ-MGB,,
383,P23,gBlock,"""RGB(148,103,189)""",,,EpC,"""RGB(0,137,123)""",UNKNOWN,CY5,NFQ-MGB,,
384,P24,H2O,"""RGB(30,136,229)""",,,COL2A1,"""RGB(216,27,96)""",UNKNOWN,FAM,NFQ-MGB,,
384,P24,H2O,"""RGB(30,136,229)""",,,ImC,"""RGB(192,202,51)""",UNKNOWN,VIC,NFQ-MGB,,
384,P24,H2O,"""RGB(30,136,229)""",,,EpC,"""RGB(0,137,123)""",UNKNOWN,CY5,NFQ-MGB,,
