Well,Well Position,Sample Name,Sample Color,Biogroup Name,Biogroup Color,Target Name,Target Color,Task,Reporter,Quencher,Quantity,Comments,SORT.A,SORT.B
1,A1,Sample_01,"""RGB(255,0,0)""",,,RALYL,"""RGB(30,136,229)""",UNKNOWN,CY5,NFQ-MGB,,,1,1
1,A1,Sample_01,"""RGB(255,0,0)""",,,GSX1,"""RGB(67,160,71)""",UNKNOWN,FAM,NFQ-MGB,,,2,2
2,A2,Sample_09,"""RGB(255,136,0)""",,,RALYL,"""RGB(30,136,229)""",UNKNOWN,CY5,NFQ-MGB,,,3,3
2,A2,Sample_09,"""RGB(255,136,0)""",,,GSX1,"""RGB(67,160,71)""",UNKNOWN,FAM,NFQ-MGB,,,4,4
3,A3,Sample_17,"""RGB(238,255,0)""",,,RALYL,"""RGB(30,136,229)""",UNKNOWN,CY5,NFQ-MGB,,,5,5
3,A3,Sample_17,"""RGB(238,255,0)""",,,GSX1,"""RGB(67,160,71)""",UNKNOWN,FAM,NFQ-MGB,,,6,6
4,A4,Sample_25,"""RGB(102,255,0)""",,,RALYL,"""RGB(30,136,229)""",UNKNOWN,CY5,NFQ-MGB,,,7,7
4,A4,Sample_25,"""RGB(102,255,0)""",,,GSX1,"""RGB(67,160,71)""",UNKNOWN,FAM,NFQ-MGB,,,8,8
5,A5,Sample_33,"""RGB(0,255,34)""",,,RALYL,"""RGB(30,136,229)""",UNKNOWN,CY5,NFQ-MGB,,,9,9
5,A5,Sample_33,"""RGB(0,255,34)""",,,GSX1,"""RGB(67,160,71)""",UNKNOWN,FAM,NFQ-MGB,,,10,10
6,A6,Sample_41,"""RGB(0,255,170)""",,,RALYL,"""RGB(30,136,229)""",UNKNOWN,CY5,NFQ-MGB,,,11,11
6,A6,Sample_41,"""RGB(0,255,170)""",,,GSX1,"""RGB(67,160,71)""",UNKNOWN,FAM,NFQ-MGB,,,12,12
7,A7,Sample_49,"""RGB(0,204,255)""",,,RALYL,"""RGB(30,136,229)""",UNKNOWN,CY5,NFQ-MGB,,,13,13
7,A7,Sample_49,"""RGB(0,204,255)""",,,GSX1,"""RGB(67,160,71)""",UNKNOWN,FAM,NFQ-MGB,,,14,14
8,A8,Sample_57,"""RGB(0,68,255)""",,,RALYL,"""RGB(30,136,229)""",UNKNOWN,CY5,NFQ-MGB,,,15,15
8,A8,Sample_57,"""RGB(0,68,255)""",,,GSX1,"""RGB(67,160,71)""",UNKNOWN,FAM,NFQ-MGB,,,16,16
9,A9,Sample_65,"""RGB(68,0,255)""",,,RALYL,"""RGB(30,136,229)""",UNKNOWN,CY5,NFQ-MGB,,,17,17
9,A9,Sample_65,"""RGB(68,0,255)""",,,GSX1,"""RGB(67,160,71)""",UNKNOWN,FAM,NFQ-MGB,,,18,18
10,A10,Sample_73,"""RGB(204,0,255)""",,,RALYL,"""RGB(30,136,229)""",UNKNOWN,CY5,NFQ-MGB,,,19,19
10,A10,Sample_73,"""RGB(204,0,255)""",,,GSX1,"""RGB(67,160,71)""",UNKNOWN,FAM,NFQ-MGB,,,20,20
11,A11,Sample_81,"""RGB(255,0,170)""",,,RALYL,"""RGB(30,136,229)""",UNKNOWN,CY5,NFQ-MGB,,,21,21
11,A11,Sample_81,"""RGB(255,0,170)""",,,GSX1,"""RGB(67,160,71)""",UNKNOWN,FAM,NFQ-MGB,,,22,22
12,A12,Sample_89,"""RGB(255,0,34)""",,,RALYL,"""RGB(30,136,229)""",UNKNOWN,CY5,NFQ-MGB,,,23,23
12,A12,Sample_89,"""RGB(255,0,34)""",,,GSX1,"""RGB(67,160,71)""",UNKNOWN,FAM,NFQ-MGB,,,24,24
13,A13,Sample_01,"""RGB(255,0,0)""",,,DPP6,"""RGB(0,172,193)""",UNKNOWN,CY5,NFQ-MGB,,,25,25
13,A13,Sample_01,"""RGB(255,0,0)""",,,COL2A1,"""RGB(216,27,96)""",UNKNOWN,FAM,NFQ-MGB,,,26,26
14,A14,Sample_09,"""RGB(255,136,0)""",,,DPP6,"""RGB(0,172,193)""",UNKNOWN,CY5,NFQ-MGB,,,27,27
14,A14,Sample_09,"""RGB(255,136,0)""",,,COL2A1,"""RGB(216,27,96)""",UNKNOWN,FAM,NFQ-MGB,,,28,28
15,A15,Sample_17,"""RGB(238,255,0)""",,,DPP6,"""RGB(0,172,193)""",UNKNOWN,CY5,NFQ-MGB,,,29,29
15,A15,Sample_17,"""RGB(238,255,0)""",,,COL2A1,"""RGB(216,27,96)""",UNKNOWN,FAM,NFQ-MGB,,,30,30
16,A16,Sample_25,"""RGB(102,255,0)""",,,DPP6,"""RGB(0,172,193)""",UNKNOWN,CY5,NFQ-MGB,,,31,31
16,A16,Sample_25,"""RGB(102,255,0)""",,,COL2A1,"""RGB(216,27,96)""",UNKNOWN,FAM,NFQ-MGB,,,32,32
17,A17,Sample_33,"""RGB(0,255,34)""",,,DPP6,"""RGB(0,172,193)""",UNKNOWN,CY5,NFQ-MGB,,,33,33
17,A17,Sample_33,"""RGB(0,255,34)""",,,COL2A1,"""RGB(216,27,96)""",UNKNOWN,FAM,NFQ-MGB,,,34,34
18,A18,Sample_41,"""RGB(0,255,170)""",,,DPP6,"""RGB(0,172,193)""",UNKNOWN,CY5,NFQ-MGB,,,35,35
18,A18,Sample_41,"""RGB(0,255,170)""",,,COL2A1,"""RGB(216,27,96)""",UNKNOWN,FAM,NFQ-MGB,,,36,36
19,A19,Sample_49,"""RGB(0,204,255)""",,,DPP6,"""RGB(0,172,193)""",UNKNOWN,CY5,NFQ-MGB,,,37,37
19,A19,Sample_49,"""RGB(0,204,255)""",,,COL2A1,"""RGB(216,27,96)""",UNKNOWN,FAM,NFQ-MGB,,,38,38
20,A20,Sample_57,"""RGB(0,68,255)""",,,DPP6,"""RGB(0,172,193)""",UNKNOWN,CY5,NFQ-MGB,,,39,39
20,A20,Sample_57,"""RGB(0,68,255)""",,,COL2A1,"""RGB(216,27,96)""",UNKNOWN,FAM,NFQ-MGB,,,40,40
21,A21,Sample_65,"""RGB(68,0,255)""",,,DPP6,"""RGB(0,172,193)""",UNKNOWN,CY5,NFQ-MGB,,,41,41
21,A21,Sample_65,"""RGB(68,0,255)""",,,COL2A1,"""RGB(216,27,96)""",UNKNOWN,FAM,NFQ-MGB,,,42,42
22,A22,Sample_73,"""RGB(204,0,255)""",,,DPP6,"""RGB(0,172,193)""",UNKNOWN,CY5,NFQ-MGB,,,43,43
22,A22,Sample_73,"""RGB(204,0,255)""",,,COL2A1,"""RGB(216,27,96)""",UNKNOWN,FAM,NFQ-MGB,,,44,44
23,A23,Sample_81,"""RGB(255,0,170)""",,,DPP6,"""RGB(0,172,193)""",UNKNOWN,CY5,NFQ-MGB,,,45,45
23,A23,Sample_81,"""RGB(255,0,170)""",,,COL2A1,"""RGB(216,27,96)""",UNKNOWN,FAM,NFQ-MGB,,,46,46
24,A24,Sample_89,"""RGB(255,0,34)""",,,DPP6,"""RGB(0,172,193)""",UNKNOWN,CY5,NFQ-MGB,,,47,47
24,A24,Sample_89,"""RGB(255,0,34)""",,,COL2A1,"""RGB(216,27,96)""",UNKNOWN,FAM,NFQ-MGB,,,48,48
25,B1,Sample_01,"""RGB(255,0,0)""",,,RALYL,"""RGB(30,136,229)""",UNKNOWN,CY5,NFQ-MGB,,,49,49
25,B1,Sample_01,"""RGB(255,0,0)""",,,GSX1,"""RGB(67,160,71)""",UNKNOWN,FAM,NFQ-MGB,,,50,50
26,B2,Sample_09,"""RGB(255,136,0)""",,,RALYL,"""RGB(30,136,229)""",UNKNOWN,CY5,NFQ-MGB,,,51,51
26,B2,Sample_09,"""RGB(255,136,0)""",,,GSX1,"""RGB(67,160,71)""",UNKNOWN,FAM,NFQ-MGB,,,52,52
27,B3,Sample_17,"""RGB(238,255,0)""",,,RALYL,"""RGB(30,136,229)""",UNKNOWN,CY5,NFQ-MGB,,,53,53
27,B3,Sample_17,"""RGB(238,255,0)""",,,GSX1,"""RGB(67,160,71)""",UNKNOWN,FAM,NFQ-MGB,,,54,54
28,B4,Sample_25,"""RGB(102,255,0)""",,,RALYL,"""RGB(30,136,229)""",UNKNOWN,CY5,NFQ-MGB,,,55,55
28,B4,Sample_25,"""RGB(102,255,0)""",,,GSX1,"""RGB(67,160,71)""",UNKNOWN,FAM,NFQ-MGB,,,56,56
29,B5,Sample_33,"""RGB(0,255,34)""",,,RALYL,"""RGB(30,136,229)""",UNKNOWN,CY5,NFQ-MGB,,,57,57
29,B5,Sample_33,"""RGB(0,255,34)""",,,GSX1,"""RGB(67,160,71)""",UNKNOWN,FAM,NFQ-MGB,,,58,58
30,B6,Sample_41,"""RGB(0,255,170)""",,,RALYL,"""RGB(30,136,229)""",UNKNOWN,CY5,NFQ-MGB,,,59,59
30,B6,Sample_41,"""RGB(0,255,170)""",,,GSX1,"""RGB(67,160,71)""",UNKNOWN,FAM,NFQ-MGB,,,60,60
31,B7,Sample_49,"""RGB(0,204,255)""",,,RALYL,"""RGB(30,136,229)""",UNKNOWN,CY5,NFQ-MGB,,,61,61
31,B7,Sample_49,"""RGB(0,204,255)""",,,GSX1,"""RGB(67,160,71)""",UNKNOWN,FAM,NFQ-MGB,,,62,62
32,B8,Sample_57,"""RGB(0,68,255)""",,,RALYL,"""RGB(30,136,229)""",UNKNOWN,CY5,NFQ-MGB,,,63,63
32,B8,Sample_57,"""RGB(0,68,255)""",,,GSX1,"""RGB(67,160,71)""",UNKNOWN,FAM,NFQ-MGB,,,64,64
33,B9,Sample_65,"""RGB(68,0,255)""",,,RALYL,"""RGB(30,136,229)""",UNKNOWN,CY5,NFQ-MGB,,,65,65
33,B9,Sample_65,"""RGB(68,0,255)""",,,GSX1,"""RGB(67,160,71)""",UNKNOWN,FAM,NFQ-MGB,,,66,66
34,B10,Sample_73,"""RGB(204,0,255)""",,,RALYL,"""RGB(30,136,229)""",UNKNOWN,CY5,NFQ-MGB,,,67,67
34,B10,Sample_73,"""RGB(204,0,255)""",,,GSX1,"""RGB(67,160,71)""",UNKNOWN,FAM,NFQ-MGB,,,68,68
35,B11,Sample_81,"""RGB(255,0,170)""",,,RALYL,"""RGB(30,136,229)""",UNKNOWN,CY5,NFQ-MGB,,,69,69
35,B11,Sample_81,"""RGB(255,0,170)""",,,GSX1,"""RGB(67,160,71)""",UNKNOWN,FAM,NFQ-MGB,,,70,70
36,B12,Sample_89,"""RGB(255,0,34)""",,,RALYL,"""RGB(30,136,229)""",UNKNOWN,CY5,NFQ-MGB,,,71,71
36,B12,Sample_89,"""RGB(255,0,34)""",,,GSX1,"""RGB(67,160,71)""",UNKNOWN,FAM,NFQ-MGB,,,72,72
37,B13,Sample_01,"""RGB(255,0,0)""",,,DPP6,"""RGB(0,172,193)""",UNKNOWN,CY5,NFQ-MGB,,,73,73
37,B13,Sample_01,"""RGB(255,0,0)""",,,COL2A1,"""RGB(216,27,96)""",UNKNOWN,FAM,NFQ-MGB,,,74,74
38,B14,Sample_09,"""RGB(255,136,0)""",,,DPP6,"""RGB(0,172,193)""",UNKNOWN,CY5,NFQ-MGB,,,75,75
38,B14,Sample_09,"""RGB(255,136,0)""",,,COL2A1,"""RGB(216,27,96)""",UNKNOWN,FAM,NFQ-MGB,,,76,76
39,B15,Sample_17,"""RGB(238,255,0)""",,,DPP6,"""RGB(0,172,193)""",UNKNOWN,CY5,NFQ-MGB,,,77,77
39,B15,Sample_17,"""RGB(238,255,0)""",,,COL2A1,"""RGB(216,27,96)""",UNKNOWN,FAM,NFQ-MGB,,,78,78
40,B16,Sample_25,"""RGB(102,255,0)""",,,DPP6,"""RGB(0,172,193)""",UNKNOWN,CY5,NFQ-MGB,,,79,79
40,B16,Sample_25,"""RGB(102,255,0)""",,,COL2A1,"""RGB(216,27,96)""",UNKNOWN,FAM,NFQ-MGB,,,80,80
41,B17,Sample_33,"""RGB(0,255,34)""",,,DPP6,"""RGB(0,172,193)""",UNKNOWN,CY5,NFQ-MGB,,,81,81
41,B17,Sample_33,"""RGB(0,255,34)""",,,COL2A1,"""RGB(216,27,96)""",UNKNOWN,FAM,NFQ-MGB,,,82,82
42,B18,Sample_41,"""RGB(0,255,170)""",,,DPP6,"""RGB(0,172,193)""",UNKNOWN,CY5,NFQ-MGB,,,83,83
42,B18,Sample_41,"""RGB(0,255,170)""",,,COL2A1,"""RGB(216,27,96)""",UNKNOWN,FAM,NFQ-MGB,,,84,84
43,B19,Sample_49,"""RGB(0,204,255)""",,,DPP6,"""RGB(0,172,193)""",UNKNOWN,CY5,NFQ-MGB,,,85,85
43,B19,Sample_49,"""RGB(0,204,255)""",,,COL2A1,"""RGB(216,27,96)""",UNKNOWN,FAM,NFQ-MGB,,,86,86
44,B20,Sample_57,"""RGB(0,68,255)""",,,DPP6,"""RGB(0,172,193)""",UNKNOWN,CY5,NFQ-MGB,,,87,87
44,B20,Sample_57,"""RGB(0,68,255)""",,,COL2A1,"""RGB(216,27,96)""",UNKNOWN,FAM,NFQ-MGB,,,88,88
45,B21,Sample_65,"""RGB(68,0,255)""",,,DPP6,"""RGB(0,172,193)""",UNKNOWN,CY5,NFQ-MGB,,,89,89
45,B21,Sample_65,"""RGB(68,0,255)""",,,COL2A1,"""RGB(216,27,96)""",UNKNOWN,FAM,NFQ-MGB,,,90,90
46,B22,Sample_73,"""RGB(204,0,255)""",,,DPP6,"""RGB(0,172,193)""",UNKNOWN,CY5,NFQ-MGB,,,91,91
46,B22,Sample_73,"""RGB(204,0,255)""",,,COL2A1,"""RGB(216,27,96)""",UNKNOWN,FAM,NFQ-MGB,,,92,92
47,B23,Sample_81,"""RGB(255,0,170)""",,,DPP6,"""RGB(0,172,193)""",UNKNOWN,CY5,NFQ-MGB,,,93,93
47,B23,Sample_81,"""RGB(255,0,170)""",,,COL2A1,"""RGB(216,27,96)""",UNKNOWN,FAM,NFQ-MGB,,,94,94
48,B24,Sample_89,"""RGB(255,0,34)""",,,DPP6,"""RGB(0,172,193)""",UNKNOWN,CY5,NFQ-MGB,,,95,95
48,B24,Sample_89,"""RGB(255,0,34)""",,,COL2A1,"""RGB(216,27,96)""",UNKNOWN,FAM,NFQ-MGB,,,96,96
49,C1,Sample_02,"""RGB(255,17,0)""",,,RALYL,"""RGB(30,136,229)""",UNKNOWN,CY5,NFQ-MGB,,,97,97
49,C1,Sample_02,"""RGB(255,17,0)""",,,GSX1,"""RGB(67,160,71)""",UNKNOWN,FAM,NFQ-MGB,,,98,98
50,C2,Sample_10,"""RGB(255,153,0)""",,,RALYL,"""RGB(30,136,229)""",UNKNOWN,CY5,NFQ-MGB,,,99,99
50,C2,Sample_10,"""RGB(255,153,0)""",,,GSX1,"""RGB(67,160,71)""",UNKNOWN,FAM,NFQ-MGB,,,100,100
51,C3,Sample_18,"""RGB(221,255,0)""",,,RALYL,"""RGB(30,136,229)""",UNKNOWN,CY5,NFQ-MGB,,,101,101
51,C3,Sample_18,"""RGB(221,255,0)""",,,GSX1,"""RGB(67,160,71)""",UNKNOWN,FAM,NFQ-MGB,,,102,102
52,C4,Sample_26,"""RGB(85,255,0)""",,,RALYL,"""RGB(30,136,229)""",UNKNOWN,CY5,NFQ-MGB,,,103,103
52,C4,Sample_26,"""RGB(85,255,0)""",,,GSX1,"""RGB(67,160,71)""",UNKNOWN,FAM,NFQ-MGB,,,104,104
53,C5,Sample_34,"""RGB(0,255,51)""",,,RALYL,"""RGB(30,136,229)""",UNKNOWN,CY5,NFQ-MGB,,,105,105
53,C5,Sample_34,"""RGB(0,255,51)""",,,GSX1,"""RGB(67,160,71)""",UNKNOWN,FAM,NFQ-MGB,,,106,106
54,C6,Sample_42,"""RGB(0,255,187)""",,,RALYL,"""RGB(30,136,229)""",UNKNOWN,CY5,NFQ-MGB,,,107,107
54,C6,Sample_42,"""RGB(0,255,187)""",,,GSX1,"""RGB(67,160,71)""",UNKNOWN,FAM,NFQ-MGB,,,108,108
55,C7,Sample_50,"""RGB(0,187,255)""",,,RALYL,"""RGB(30,136,229)""",UNKNOWN,CY5,NFQ-MGB,,,109,109
55,C7,Sample_50,"""RGB(0,187,255)""",,,GSX1,"""RGB(67,160,71)""",UNKNOWN,FAM,NFQ-MGB,,,110,110
56,C8,Sample_58,"""RGB(0,51,255)""",,,RALYL,"""RGB(30,136,229)""",UNKNOWN,CY5,NFQ-MGB,,,111,111
56,C8,Sample_58,"""RGB(0,51,255)""",,,GSX1,"""RGB(67,160,71)""",UNKNOWN,FAM,NFQ-MGB,,,112,112
57,C9,Sample_66,"""RGB(85,0,255)""",,,RALYL,"""RGB(30,136,229)""",UNKNOWN,CY5,NFQ-MGB,,,113,113
57,C9,Sample_66,"""RGB(85,0,255)""",,,GSX1,"""RGB(67,160,71)""",UNKNOWN,FAM,NFQ-MGB,,,114,114
58,C10,Sample_74,"""RGB(221,0,255)""",,,RALYL,"""RGB(30,136,229)""",UNKNOWN,CY5,NFQ-MGB,,,115,115
58,C10,Sample_74,"""RGB(221,0,255)""",,,GSX1,"""RGB(67,160,71)""",UNKNOWN,FAM,NFQ-MGB,,,116,116
59,C11,Sample_82,"""RGB(255,0,153)""",,,RALYL,"""RGB(30,136,229)""",UNKNOWN,CY5,NFQ-MGB,,,117,117
59,C11,Sample_82,"""RGB(255,0,153)""",,,GSX1,"""RGB(67,160,71)""",UNKNOWN,FAM,NFQ-MGB,,,118,118
60,C12,Sample_90,"""RGB(255,0,17)""",,,RALYL,"""RGB(30,136,229)""",UNKNOWN,CY5,NFQ-MGB,,,119,119
60,C12,Sample_90,"""RGB(255,0,17)""",,,GSX1,"""RGB(67,160,71)""",UNKNOWN,FAM,NFQ-MGB,,,120,120
61,C13,Sample_02,"""RGB(255,17,0)""",,,DPP6,"""RGB(0,172,193)""",UNKNOWN,CY5,NFQ-MGB,,,121,121
61,C13,Sample_02,"""RGB(255,17,0)""",,,COL2A1,"""RGB(216,27,96)""",UNKNOWN,FAM,NFQ-MGB,,,122,122
62,C14,Sample_10,"""RGB(255,153,0)""",,,DPP6,"""RGB(0,172,193)""",UNKNOWN,CY5,NFQ-MGB,,,123,123
62,C14,Sample_10,"""RGB(255,153,0)""",,,COL2A1,"""RGB(216,27,96)""",UNKNOWN,FAM,NFQ-MGB,,,124,124
63,C15,Sample_18,"""RGB(221,255,0)""",,,DPP6,"""RGB(0,172,193)""",UNKNOWN,CY5,NFQ-MGB,,,125,125
63,C15,Sample_18,"""RGB(221,255,0)""",,,COL2A1,"""RGB(216,27,96)""",UNKNOWN,FAM,NFQ-MGB,,,126,126
64,C16,Sample_26,"""RGB(85,255,0)""",,,DPP6,"""RGB(0,172,193)""",UNKNOWN,CY5,NFQ-MGB,,,127,127
64,C16,Sample_26,"""RGB(85,255,0)""",,,COL2A1,"""RGB(216,27,96)""",UNKNOWN,FAM,NFQ-MGB,,,128,128
65,C17,Sample_34,"""RGB(0,255,51)""",,,DPP6,"""RGB(0,172,193)""",UNKNOWN,CY5,NFQ-MGB,,,129,129
65,C17,Sample_34,"""RGB(0,255,51)""",,,COL2A1,"""RGB(216,27,96)""",UNKNOWN,FAM,NFQ-MGB,,,130,130
66,C18,Sample_42,"""RGB(0,255,187)""",,,DPP6,"""RGB(0,172,193)""",UNKNOWN,CY5,NFQ-MGB,,,131,131
66,C18,Sample_42,"""RGB(0,255,187)""",,,COL2A1,"""RGB(216,27,96)""",UNKNOWN,FAM,NFQ-MGB,,,132,132
67,C19,Sample_50,"""RGB(0,187,255)""",,,DPP6,"""RGB(0,172,193)""",UNKNOWN,CY5,NFQ-MGB,,,133,133
67,C19,Sample_50,"""RGB(0,187,255)""",,,COL2A1,"""RGB(216,27,96)""",UNKNOWN,FAM,NFQ-MGB,,,134,134
68,C20,Sample_58,"""RGB(0,51,255)""",,,DPP6,"""RGB(0,172,193)""",UNKNOWN,CY5,NFQ-MGB,,,135,135
68,C20,Sample_58,"""RGB(0,51,255)""",,,COL2A1,"""RGB(216,27,96)""",UNKNOWN,FAM,NFQ-MGB,,,136,136
69,C21,Sample_66,"""RGB(85,0,255)""",,,DPP6,"""RGB(0,172,193)""",UNKNOWN,CY5,NFQ-MGB,,,137,137
69,C21,Sample_66,"""RGB(85,0,255)""",,,COL2A1,"""RGB(216,27,96)""",UNKNOWN,FAM,NFQ-MGB,,,138,138
70,C22,Sample_74,"""RGB(221,0,255)""",,,DPP6,"""RGB(0,172,193)""",UNKNOWN,CY5,NFQ-MGB,,,139,139
70,C22,Sample_74,"""RGB(221,0,255)""",,,COL2A1,"""RGB(216,27,96)""",UNKNOWN,FAM,NFQ-MGB,,,140,140
71,C23,Sample_82,"""RGB(255,0,153)""",,,DPP6,"""RGB(0,172,193)""",UNKNOWN,CY5,NFQ-MGB,,,141,141
71,C23,Sample_82,"""RGB(255,0,153)""",,,COL2A1,"""RGB(216,27,96)""",UNKNOWN,FAM,NFQ-MGB,,,142,142
72,C24,Sample_90,"""RGB(255,0,17)""",,,DPP6,"""RGB(0,172,193)""",UNKNOWN,CY5,NFQ-MGB,,,143,143
72,C24,Sample_90,"""RGB(255,0,17)""",,,COL2A1,"""RGB(216,27,96)""",UNKNOWN,FAM,NFQ-MGB,,,144,144
73,D1,Sample_02,"""RGB(255,17,0)""",,,RALYL,"""RGB(30,136,229)""",UNKNOWN,CY5,NFQ-MGB,,,145,145
73,D1,Sample_02,"""RGB(255,17,0)""",,,GSX1,"""RGB(67,160,71)""",UNKNOWN,FAM,NFQ-MGB,,,146,146
74,D2,Sample_10,"""RGB(255,153,0)""",,,RALYL,"""RGB(30,136,229)""",UNKNOWN,CY5,NFQ-MGB,,,147,147
74,D2,Sample_10,"""RGB(255,153,0)""",,,GSX1,"""RGB(67,160,71)""",UNKNOWN,FAM,NFQ-MGB,,,148,148
75,D3,Sample_18,"""RGB(221,255,0)""",,,RALYL,"""RGB(30,136,229)""",UNKNOWN,CY5,NFQ-MGB,,,149,149
75,D3,Sample_18,"""RGB(221,255,0)""",,,GSX1,"""RGB(67,160,71)""",UNKNOWN,FAM,NFQ-MGB,,,150,150
76,D4,Sample_26,"""RGB(85,255,0)""",,,RALYL,"""RGB(30,136,229)""",UNKNOWN,CY5,NFQ-MGB,,,151,151
76,D4,Sample_26,"""RGB(85,255,0)""",,,GSX1,"""RGB(67,160,71)""",UNKNOWN,FAM,NFQ-MGB,,,152,152
77,D5,Sample_34,"""RGB(0,255,51)""",,,RALYL,"""RGB(30,136,229)""",UNKNOWN,CY5,NFQ-MGB,,,153,153
77,D5,Sample_34,"""RGB(0,255,51)""",,,GSX1,"""RGB(67,160,71)""",UNKNOWN,FAM,NFQ-MGB,,,154,154
78,D6,Sample_42,"""RGB(0,255,187)""",,,RALYL,"""RGB(30,136,229)""",UNKNOWN,CY5,NFQ-MGB,,,155,155
78,D6,Sample_42,"""RGB(0,255,187)""",,,GSX1,"""RGB(67,160,71)""",UNKNOWN,FAM,NFQ-MGB,,,156,156
79,D7,Sample_50,"""RGB(0,187,255)""",,,RALYL,"""RGB(30,136,229)""",UNKNOWN,CY5,NFQ-MGB,,,157,157
79,D7,Sample_50,"""RGB(0,187,255)""",,,GSX1,"""RGB(67,160,71)""",UNKNOWN,FAM,NFQ-MGB,,,158,158
80,D8,Sample_58,"""RGB(0,51,255)""",,,RALYL,"""RGB(30,136,229)""",UNKNOWN,CY5,NFQ-MGB,,,159,159
80,D8,Sample_58,"""RGB(0,51,255)""",,,GSX1,"""RGB(67,160,71)""",UNKNOWN,FAM,NFQ-MGB,,,160,160
81,D9,Sample_66,"""RGB(85,0,255)""",,,RALYL,"""RGB(30,136,229)""",UNKNOWN,CY5,NFQ-MGB,,,161,161
81,D9,Sample_66,"""RGB(85,0,255)""",,,GSX1,"""RGB(67,160,71)""",UNKNOWN,FAM,NFQ-MGB,,,162,162
82,D10,Sample_74,"""RGB(221,0,255)""",,,RALYL,"""RGB(30,136,229)""",UNKNOWN,CY5,NFQ-MGB,,,163,163
82,D10,Sample_74,"""RGB(221,0,255)""",,,GSX1,"""RGB(67,160,71)""",UNKNOWN,FAM,NFQ-MGB,,,164,164
83,D11,Sample_82,"""RGB(255,0,153)""",,,RALYL,"""RGB(30,136,229)""",UNKNOWN,CY5,NFQ-MGB,,,165,165
83,D11,Sample_82,"""RGB(255,0,153)""",,,GSX1,"""RGB(67,160,71)""",UNKNOWN,FAM,NFQ-MGB,,,166,166
84,D12,Sample_90,"""RGB(255,0,17)""",,,RALYL,"""RGB(30,136,229)""",UNKNOWN,CY5,NFQ-MGB,,,167,167
84,D12,Sample_90,"""RGB(255,0,17)""",,,GSX1,"""RGB(67,160,71)""",UNKNOWN,FAM,NFQ-MGB,,,168,168
85,D13,Sample_02,"""RGB(255,17,0)""",,,DPP6,"""RGB(0,172,193)""",UNKNOWN,CY5,NFQ-MGB,,,169,169
85,D13,Sample_02,"""RGB(255,17,0)""",,,COL2A1,"""RGB(216,27,96)""",UNKNOWN,FAM,NFQ-MGB,,,170,170
86,D14,Sample_10,"""RGB(255,153,0)""",,,DPP6,"""RGB(0,172,193)""",UNKNOWN,CY5,NFQ-MGB,,,171,171
86,D14,Sample_10,"""RGB(255,153,0)""",,,COL2A1,"""RGB(216,27,96)""",UNKNOWN,FAM,NFQ-MGB,,,172,172
87,D15,Sample_18,"""RGB(221,255,0)""",,,DPP6,"""RGB(0,172,193)""",UNKNOWN,CY5,NFQ-MGB,,,173,173
87,D15,Sample_18,"""RGB(221,255,0)""",,,COL2A1,"""RGB(216,27,96)""",UNKNOWN,FAM,NFQ-MGB,,,174,174
88,D16,Sample_26,"""RGB(85,255,0)""",,,DPP6,"""RGB(0,172,193)""",UNKNOWN,CY5,NFQ-MGB,,,175,175
88,D16,Sample_26,"""RGB(85,255,0)""",,,COL2A1,"""RGB(216,27,96)""",UNKNOWN,FAM,NFQ-MGB,,,176,176
89,D17,Sample_34,"""RGB(0,255,51)""",,,DPP6,"""RGB(0,172,193)""",UNKNOWN,CY5,NFQ-MGB,,,177,177
89,D17,Sample_34,"""RGB(0,255,51)""",,,COL2A1,"""RGB(216,27,96)""",UNKNOWN,FAM,NFQ-MGB,,,178,178
90,D18,Sample_42,"""RGB(0,255,187)""",,,DPP6,"""RGB(0,172,193)""",UNKNOWN,CY5,NFQ-MGB,,,179,179
90,D18,Sample_42,"""RGB(0,255,187)""",,,COL2A1,"""RGB(216,27,96)""",UNKNOWN,FAM,NFQ-MGB,,,180,180
91,D19,Sample_50,"""RGB(0,187,255)""",,,DPP6,"""RGB(0,172,193)""",UNKNOWN,CY5,NFQ-MGB,,,181,181
91,D19,Sample_50,"""RGB(0,187,255)""",,,COL2A1,"""RGB(216,27,96)""",UNKNOWN,FAM,NFQ-MGB,,,182,182
92,D20,Sample_58,"""RGB(0,51,255)""",,,DPP6,"""RGB(0,172,193)""",UNKNOWN,CY5,NFQ-MGB,,,183,183
92,D20,Sample_58,"""RGB(0,51,255)""",,,COL2A1,"""RGB(216,27,96)""",UNKNOWN,FAM,NFQ-MGB,,,184,184
93,D21,Sample_66,"""RGB(85,0,255)""",,,DPP6,"""RGB(0,172,193)""",UNKNOWN,CY5,NFQ-MGB,,,185,185
93,D21,Sample_66,"""RGB(85,0,255)""",,,COL2A1,"""RGB(216,27,96)""",UNKNOWN,FAM,NFQ-MGB,,,186,186
94,D22,Sample_74,"""RGB(221,0,255)""",,,DPP6,"""RGB(0,172,193)""",UNKNOWN,CY5,NFQ-MGB,,,187,187
94,D22,Sample_74,"""RGB(221,0,255)""",,,COL2A1,"""RGB(216,27,96)""",UNKNOWN,FAM,NFQ-MGB,,,188,188
95,D23,Sample_82,"""RGB(255,0,153)""",,,DPP6,"""RGB(0,172,193)""",UNKNOWN,CY5,NFQ-MGB,,,189,189
95,D23,Sample_82,"""RGB(255,0,153)""",,,COL2A1,"""RGB(216,27,96)""",UNKNOWN,FAM,NFQ-MGB,,,190,190
96,D24,Sample_90,"""RGB(255,0,17)""",,,DPP6,"""RGB(0,172,193)""",UNKNOWN,CY5,NFQ-MGB,,,191,191
96,D24,Sample_90,"""RGB(255,0,17)""",,,COL2A1,"""RGB(216,27,96)""",UNKNOWN,FAM,NFQ-MGB,,,192,192
97,E1,Sample_03,"""RGB(255,34,0)""",,,RALYL,"""RGB(30,136,229)""",UNKNOWN,CY5,NFQ-MGB,,,193,193
97,E1,Sample_03,"""RGB(255,34,0)""",,,GSX1,"""RGB(67,160,71)""",UNKNOWN,FAM,NFQ-MGB,,,194,194
98,E2,Sample_11,"""RGB(255,170,0)""",,,RALYL,"""RGB(30,136,229)""",UNKNOWN,CY5,NFQ-MGB,,,195,195
98,E2,Sample_11,"""RGB(255,170,0)""",,,GSX1,"""RGB(67,160,71)""",UNKNOWN,FAM,NFQ-MGB,,,196,196
99,E3,Sample_19,"""RGB(204,255,0)""",,,RALYL,"""RGB(30,136,229)""",UNKNOWN,CY5,NFQ-MGB,,,197,197
99,E3,Sample_19,"""RGB(204,255,0)""",,,GSX1,"""RGB(67,160,71)""",UNKNOWN,FAM,NFQ-MGB,,,198,198
100,E4,Sample_27,"""RGB(68,255,0)""",,,RALYL,"""RGB(30,136,229)""",UNKNOWN,CY5,NFQ-MGB,,,199,199
100,E4,Sample_27,"""RGB(68,255,0)""",,,GSX1,"""RGB(67,160,71)""",UNKNOWN,FAM,NFQ-MGB,,,200,200
101,E5,Sample_35,"""RGB(0,255,68)""",,,RALYL,"""RGB(30,136,229)""",UNKNOWN,CY5,NFQ-MGB,,,201,201
101,E5,Sample_35,"""RGB(0,255,68)""",,,GSX1,"""RGB(67,160,71)""",UNKNOWN,FAM,NFQ-MGB,,,202,202
102,E6,Sample_43,"""RGB(0,255,204)""",,,RALYL,"""RGB(30,136,229)""",UNKNOWN,CY5,NFQ-MGB,,,203,203
102,E6,Sample_43,"""RGB(0,255,204)""",,,GSX1,"""RGB(67,160,71)""",UNKNOWN,FAM,NFQ-MGB,,,204,204
103,E7,Sample_51,"""RGB(0,170,255)""",,,RALYL,"""RGB(30,136,229)""",UNKNOWN,CY5,NFQ-MGB,,,205,205
103,E7,Sample_51,"""RGB(0,170,255)""",,,GSX1,"""RGB(67,160,71)""",UNKNOWN,FAM,NFQ-MGB,,,206,206
104,E8,Sample_59,"""RGB(0,34,255)""",,,RALYL,"""RGB(30,136,229)""",UNKNOWN,CY5,NFQ-MGB,,,207,207
104,E8,Sample_59,"""RGB(0,34,255)""",,,GSX1,"""RGB(67,160,71)""",UNKNOWN,FAM,NFQ-MGB,,,208,208
105,E9,Sample_67,"""RGB(102,0,255)""",,,RALYL,"""RGB(30,136,229)""",UNKNOWN,CY5,NFQ-MGB,,,209,209
105,E9,Sample_67,"""RGB(102,0,255)""",,,GSX1,"""RGB(67,160,71)""",UNKNOWN,FAM,NFQ-MGB,,,210,210
106,E10,Sample_75,"""RGB(238,0,255)""",,,RALYL,"""RGB(30,136,229)""",UNKNOWN,CY5,NFQ-MGB,,,211,211
106,E10,Sample_75,"""RGB(238,0,255)""",,,GSX1,"""RGB(67,160,71)""",UNKNOWN,FAM,NFQ-MGB,,,212,212
107,E11,Sample_83,"""RGB(255,0,136)""",,,RALYL,"""RGB(30,136,229)""",UNKNOWN,CY5,NFQ-MGB,,,213,213
107,E11,Sample_83,"""RGB(255,0,136)""",,,GSX1,"""RGB(67,160,71)""",UNKNOWN,FAM,NFQ-MGB,,,214,214
109,E13,Sample_03,"""RGB(255,34,0)""",,,DPP6,"""RGB(0,172,193)""",UNKNOWN,CY5,NFQ-MGB,,,215,217
109,E13,Sample_03,"""RGB(255,34,0)""",,,COL2A1,"""RGB(216,27,96)""",UNKNOWN,FAM,NFQ-MGB,,,216,218
110,E14,Sample_11,"""RGB(255,170,0)""",,,DPP6,"""RGB(0,172,193)""",UNKNOWN,CY5,NFQ-MGB,,,217,219
110,E14,Sample_11,"""RGB(255,170,0)""",,,COL2A1,"""RGB(216,27,96)""",UNKNOWN,FAM,NFQ-MGB,,,218,220
111,E15,Sample_19,"""RGB(204,255,0)""",,,DPP6,"""RGB(0,172,193)""",UNKNOWN,CY5,NFQ-MGB,,,219,221
111,E15,Sample_19,"""RGB(204,255,0)""",,,COL2A1,"""RGB(216,27,96)""",UNKNOWN,FAM,NFQ-MGB,,,220,222
112,E16,Sample_27,"""RGB(68,255,0)""",,,DPP6,"""RGB(0,172,193)""",UNKNOWN,CY5,NFQ-MGB,,,221,223
112,E16,Sample_27,"""RGB(68,255,0)""",,,COL2A1,"""RGB(216,27,96)""",UNKNOWN,FAM,NFQ-MGB,,,222,224
113,E17,Sample_35,"""RGB(0,255,68)""",,,DPP6,"""RGB(0,172,193)""",UNKNOWN,CY5,NFQ-MGB,,,223,225
113,E17,Sample_35,"""RGB(0,255,68)""",,,COL2A1,"""RGB(216,27,96)""",UNKNOWN,FAM,NFQ-MGB,,,224,226
114,E18,Sample_43,"""RGB(0,255,204)""",,,DPP6,"""RGB(0,172,193)""",UNKNOWN,CY5,NFQ-MGB,,,225,227
114,E18,Sample_43,"""RGB(0,255,204)""",,,COL2A1,"""RGB(216,27,96)""",UNKNOWN,FAM,NFQ-MGB,,,226,228
115,E19,Sample_51,"""RGB(0,170,255)""",,,DPP6,"""RGB(0,172,193)""",UNKNOWN,CY5,NFQ-MGB,,,227,229
115,E19,Sample_51,"""RGB(0,170,255)""",,,COL2A1,"""RGB(216,27,96)""",UNKNOWN,FAM,NFQ-MGB,,,228,230
116,E20,Sample_59,"""RGB(0,34,255)""",,,DPP6,"""RGB(0,172,193)""",UNKNOWN,CY5,NFQ-MGB,,,229,231
116,E20,Sample_59,"""RGB(0,34,255)""",,,COL2A1,"""RGB(216,27,96)""",UNKNOWN,FAM,NFQ-MGB,,,230,232
117,E21,Sample_67,"""RGB(102,0,255)""",,,DPP6,"""RGB(0,172,193)""",UNKNOWN,CY5,NFQ-MGB,,,231,233
117,E21,Sample_67,"""RGB(102,0,255)""",,,COL2A1,"""RGB(216,27,96)""",UNKNOWN,FAM,NFQ-MGB,,,232,234
118,E22,Sample_75,"""RGB(238,0,255)""",,,DPP6,"""RGB(0,172,193)""",UNKNOWN,CY5,NFQ-MGB,,,233,235
118,E22,Sample_75,"""RGB(238,0,255)""",,,COL2A1,"""RGB(216,27,96)""",UNKNOWN,FAM,NFQ-MGB,,,234,236
119,E23,Sample_83,"""RGB(255,0,136)""",,,DPP6,"""RGB(0,172,193)""",UNKNOWN,CY5,NFQ-MGB,,,235,237
119,E23,Sample_83,"""RGB(255,0,136)""",,,COL2A1,"""RGB(216,27,96)""",UNKNOWN,FAM,NFQ-MGB,,,236,238
121,F1,Sample_03,"""RGB(255,34,0)""",,,RALYL,"""RGB(30,136,229)""",UNKNOWN,CY5,NFQ-MGB,,,237,241
121,F1,Sample_03,"""RGB(255,34,0)""",,,GSX1,"""RGB(67,160,71)""",UNKNOWN,FAM,NFQ-MGB,,,238,242
122,F2,Sample_11,"""RGB(255,170,0)""",,,RALYL,"""RGB(30,136,229)""",UNKNOWN,CY5,NFQ-MGB,,,239,243
122,F2,Sample_11,"""RGB(255,170,0)""",,,GSX1,"""RGB(67,160,71)""",UNKNOWN,FAM,NFQ-MGB,,,240,244
123,F3,Sample_19,"""RGB(204,255,0)""",,,RALYL,"""RGB(30,136,229)""",UNKNOWN,CY5,NFQ-MGB,,,241,245
123,F3,Sample_19,"""RGB(204,255,0)""",,,GSX1,"""RGB(67,160,71)""",UNKNOWN,FAM,NFQ-MGB,,,242,246
124,F4,Sample_27,"""RGB(68,255,0)""",,,RALYL,"""RGB(30,136,229)""",UNKNOWN,CY5,NFQ-MGB,,,243,247
124,F4,Sample_27,"""RGB(68,255,0)""",,,GSX1,"""RGB(67,160,71)""",UNKNOWN,FAM,NFQ-MGB,,,244,248
125,F5,Sample_35,"""RGB(0,255,68)""",,,RALYL,"""RGB(30,136,229)""",UNKNOWN,CY5,NFQ-MGB,,,245,249
125,F5,Sample_35,"""RGB(0,255,68)""",,,GSX1,"""RGB(67,160,71)""",UNKNOWN,FAM,NFQ-MGB,,,246,250
126,F6,Sample_43,"""RGB(0,255,204)""",,,RALYL,"""RGB(30,136,229)""",UNKNOWN,CY5,NFQ-MGB,,,247,251
126,F6,Sample_43,"""RGB(0,255,204)""",,,GSX1,"""RGB(67,160,71)""",UNKNOWN,FAM,NFQ-MGB,,,248,252
127,F7,Sample_51,"""RGB(0,170,255)""",,,RALYL,"""RGB(30,136,229)""",UNKNOWN,CY5,NFQ-MGB,,,249,253
127,F7,Sample_51,"""RGB(0,170,255)""",,,GSX1,"""RGB(67,160,71)""",UNKNOWN,FAM,NFQ-MGB,,,250,254
128,F8,Sample_59,"""RGB(0,34,255)""",,,RALYL,"""RGB(30,136,229)""",UNKNOWN,CY5,NFQ-MGB,,,251,255
128,F8,Sample_59,"""RGB(0,34,255)""",,,GSX1,"""RGB(67,160,71)""",UNKNOWN,FAM,NFQ-MGB,,,252,256
129,F9,Sample_67,"""RGB(102,0,255)""",,,RALYL,"""RGB(30,136,229)""",UNKNOWN,CY5,NFQ-MGB,,,253,257
129,F9,Sample_67,"""RGB(102,0,255)""",,,GSX1,"""RGB(67,160,71)""",UNKNOWN,FAM,NFQ-MGB,,,254,258
130,F10,Sample_75,"""RGB(238,0,255)""",,,RALYL,"""RGB(30,136,229)""",UNKNOWN,CY5,NFQ-MGB,,,255,259
130,F10,Sample_75,"""RGB(238,0,255)""",,,GSX1,"""RGB(67,160,71)""",UNKNOWN,FAM,NFQ-MGB,,,256,260
131,F11,Sample_83,"""RGB(255,0,136)""",,,RALYL,"""RGB(30,136,229)""",UNKNOWN,CY5,NFQ-MGB,,,257,261
131,F11,Sample_83,"""RGB(255,0,136)""",,,GSX1,"""RGB(67,160,71)""",UNKNOWN,FAM,NFQ-MGB,,,258,262
133,F13,Sample_03,"""RGB(255,34,0)""",,,DPP6,"""RGB(0,172,193)""",UNKNOWN,CY5,NFQ-MGB,,,259,265
133,F13,Sample_03,"""RGB(255,34,0)""",,,COL2A1,"""RGB(216,27,96)""",UNKNOWN,FAM,NFQ-MGB,,,260,266
134,F14,Sample_11,"""RGB(255,170,0)""",,,DPP6,"""RGB(0,172,193)""",UNKNOWN,CY5,NFQ-MGB,,,261,267
134,F14,Sample_11,"""RGB(255,170,0)""",,,COL2A1,"""RGB(216,27,96)""",UNKNOWN,FAM,NFQ-MGB,,,262,268
135,F15,Sample_19,"""RGB(204,255,0)""",,,DPP6,"""RGB(0,172,193)""",UNKNOWN,CY5,NFQ-MGB,,,263,269
135,F15,Sample_19,"""RGB(204,255,0)""",,,COL2A1,"""RGB(216,27,96)""",UNKNOWN,FAM,NFQ-MGB,,,264,270
136,F16,Sample_27,"""RGB(68,255,0)""",,,DPP6,"""RGB(0,172,193)""",UNKNOWN,CY5,NFQ-MGB,,,265,271
136,F16,Sample_27,"""RGB(68,255,0)""",,,COL2A1,"""RGB(216,27,96)""",UNKNOWN,FAM,NFQ-MGB,,,266,272
137,F17,Sample_35,"""RGB(0,255,68)""",,,DPP6,"""RGB(0,172,193)""",UNKNOWN,CY5,NFQ-MGB,,,267,273
137,F17,Sample_35,"""RGB(0,255,68)""",,,COL2A1,"""RGB(216,27,96)""",UNKNOWN,FAM,NFQ-MGB,,,268,274
138,F18,Sample_43,"""RGB(0,255,204)""",,,DPP6,"""RGB(0,172,193)""",UNKNOWN,CY5,NFQ-MGB,,,269,275
138,F18,Sample_43,"""RGB(0,255,204)""",,,COL2A1,"""RGB(216,27,96)""",UNKNOWN,FAM,NFQ-MGB,,,270,276
139,F19,Sample_51,"""RGB(0,170,255)""",,,DPP6,"""RGB(0,172,193)""",UNKNOWN,CY5,NFQ-MGB,,,271,277
139,F19,Sample_51,"""RGB(0,170,255)""",,,COL2A1,"""RGB(216,27,96)""",UNKNOWN,FAM,NFQ-MGB,,,272,278
140,F20,Sample_59,"""RGB(0,34,255)""",,,DPP6,"""RGB(0,172,193)""",UNKNOWN,CY5,NFQ-MGB,,,273,279
140,F20,Sample_59,"""RGB(0,34,255)""",,,COL2A1,"""RGB(216,27,96)""",UNKNOWN,FAM,NFQ-MGB,,,274,280
141,F21,Sample_67,"""RGB(102,0,255)""",,,DPP6,"""RGB(0,172,193)""",UNKNOWN,CY5,NFQ-MGB,,,275,281
141,F21,Sample_67,"""RGB(102,0,255)""",,,COL2A1,"""RGB(216,27,96)""",UNKNOWN,FAM,NFQ-MGB,,,276,282
142,F22,Sample_75,"""RGB(238,0,255)""",,,DPP6,"""RGB(0,172,193)""",UNKNOWN,CY5,NFQ-MGB,,,277,283
142,F22,Sample_75,"""RGB(238,0,255)""",,,COL2A1,"""RGB(216,27,96)""",UNKNOWN,FAM,NFQ-MGB,,,278,284
143,F23,Sample_83,"""RGB(255,0,136)""",,,DPP6,"""RGB(0,172,193)""",UNKNOWN,CY5,NFQ-MGB,,,279,285
143,F23,Sample_83,"""RGB(255,0,136)""",,,COL2A1,"""RGB(216,27,96)""",UNKNOWN,FAM,NFQ-MGB,,,280,286
145,G1,Sample_04,"""RGB(255,51,0)""",,,RALYL,"""RGB(30,136,229)""",UNKNOWN,CY5,NFQ-MGB,,,281,289
145,G1,Sample_04,"""RGB(255,51,0)""",,,GSX1,"""RGB(67,160,71)""",UNKNOWN,FAM,NFQ-MGB,,,282,290
146,G2,Sample_12,"""RGB(255,187,0)""",,,RALYL,"""RGB(30,136,229)""",UNKNOWN,CY5,NFQ-MGB,,,283,291
146,G2,Sample_12,"""RGB(255,187,0)""",,,GSX1,"""RGB(67,160,71)""",UNKNOWN,FAM,NFQ-MGB,,,284,292
147,G3,Sample_20,"""RGB(187,255,0)""",,,RALYL,"""RGB(30,136,229)""",UNKNOWN,CY5,NFQ-MGB,,,285,293
147,G3,Sample_20,"""RGB(187,255,0)""",,,GSX1,"""RGB(67,160,71)""",UNKNOWN,FAM,NFQ-MGB,,,286,294
148,G4,Sample_28,"""RGB(51,255,0)""",,,RALYL,"""RGB(30,136,229)""",UNKNOWN,CY5,NFQ-MGB,,,287,295
148,G4,Sample_28,"""RGB(51,255,0)""",,,GSX1,"""RGB(67,160,71)""",UNKNOWN,FAM,NFQ-MGB,,,288,296
149,G5,Sample_36,"""RGB(0,255,85)""",,,RALYL,"""RGB(30,136,229)""",UNKNOWN,CY5,NFQ-MGB,,,289,297
149,G5,Sample_36,"""RGB(0,255,85)""",,,GSX1,"""RGB(67,160,71)""",UNKNOWN,FAM,NFQ-MGB,,,290,298
150,G6,Sample_44,"""RGB(0,255,221)""",,,RALYL,"""RGB(30,136,229)""",UNKNOWN,CY5,NFQ-MGB,,,291,299
150,G6,Sample_44,"""RGB(0,255,221)""",,,GSX1,"""RGB(67,160,71)""",UNKNOWN,FAM,NFQ-MGB,,,292,300
151,G7,Sample_52,"""RGB(0,153,255)""",,,RALYL,"""RGB(30,136,229)""",UNKNOWN,CY5,NFQ-MGB,,,293,301
151,G7,Sample_52,"""RGB(0,153,255)""",,,GSX1,"""RGB(67,160,71)""",UNKNOWN,FAM,NFQ-MGB,,,294,302
152,G8,Sample_60,"""RGB(0,17,255)""",,,RALYL,"""RGB(30,136,229)""",UNKNOWN,CY5,NFQ-MGB,,,295,303
152,G8,Sample_60,"""RGB(0,17,255)""",,,GSX1,"""RGB(67,160,71)""",UNKNOWN,FAM,NFQ-MGB,,,296,304
153,G9,Sample_68,"""RGB(119,0,255)""",,,RALYL,"""RGB(30,136,229)""",UNKNOWN,CY5,NFQ-MGB,,,297,305
153,G9,Sample_68,"""RGB(119,0,255)""",,,GSX1,"""RGB(67,160,71)""",UNKNOWN,FAM,NFQ-MGB,,,298,306
154,G10,Sample_76,"""RGB(255,0,255)""",,,RALYL,"""RGB(30,136,229)""",UNKNOWN,CY5,NFQ-MGB,,,299,307
154,G10,Sample_76,"""RGB(255,0,255)""",,,GSX1,"""RGB(67,160,71)""",UNKNOWN,FAM,NFQ-MGB,,,300,308
155,G11,Sample_84,"""RGB(255,0,119)""",,,RALYL,"""RGB(30,136,229)""",UNKNOWN,CY5,NFQ-MGB,,,301,309
155,G11,Sample_84,"""RGB(255,0,119)""",,,GSX1,"""RGB(67,160,71)""",UNKNOWN,FAM,NFQ-MGB,,,302,310
157,G13,Sample_04,"""RGB(255,51,0)""",,,DPP6,"""RGB(0,172,193)""",UNKNOWN,CY5,NFQ-MGB,,,303,313
157,G13,Sample_04,"""RGB(255,51,0)""",,,COL2A1,"""RGB(216,27,96)""",UNKNOWN,FAM,NFQ-MGB,,,304,314
158,G14,Sample_12,"""RGB(255,187,0)""",,,DPP6,"""RGB(0,172,193)""",UNKNOWN,CY5,NFQ-MGB,,,305,315
158,G14,Sample_12,"""RGB(255,187,0)""",,,COL2A1,"""RGB(216,27,96)""",UNKNOWN,FAM,NFQ-MGB,,,306,316
159,G15,Sample_20,"""RGB(187,255,0)""",,,DPP6,"""RGB(0,172,193)""",UNKNOWN,CY5,NFQ-MGB,,,307,317
159,G15,Sample_20,"""RGB(187,255,0)""",,,COL2A1,"""RGB(216,27,96)""",UNKNOWN,FAM,NFQ-MGB,,,308,318
160,G16,Sample_28,"""RGB(51,255,0)""",,,DPP6,"""RGB(0,172,193)""",UNKNOWN,CY5,NFQ-MGB,,,309,319
160,G16,Sample_28,"""RGB(51,255,0)""",,,COL2A1,"""RGB(216,27,96)""",UNKNOWN,FAM,NFQ-MGB,,,310,320
161,G17,Sample_36,"""RGB(0,255,85)""",,,DPP6,"""RGB(0,172,193)""",UNKNOWN,CY5,NFQ-MGB,,,311,321
161,G17,Sample_36,"""RGB(0,255,85)""",,,COL2A1,"""RGB(216,27,96)""",UNKNOWN,FAM,NFQ-MGB,,,312,322
162,G18,Sample_44,"""RGB(0,255,221)""",,,DPP6,"""RGB(0,172,193)""",UNKNOWN,CY5,NFQ-MGB,,,313,323
162,G18,Sample_44,"""RGB(0,255,221)""",,,COL2A1,"""RGB(216,27,96)""",UNKNOWN,FAM,NFQ-MGB,,,314,324
163,G19,Sample_52,"""RGB(0,153,255)""",,,DPP6,"""RGB(0,172,193)""",UNKNOWN,CY5,NFQ-MGB,,,315,325
163,G19,Sample_52,"""RGB(0,153,255)""",,,COL2A1,"""RGB(216,27,96)""",UNKNOWN,FAM,NFQ-MGB,,,316,326
164,G20,Sample_60,"""RGB(0,17,255)""",,,DPP6,"""RGB(0,172,193)""",UNKNOWN,CY5,NFQ-MGB,,,317,327
164,G20,Sample_60,"""RGB(0,17,255)""",,,COL2A1,"""RGB(216,27,96)""",UNKNOWN,FAM,NFQ-MGB,,,318,328
165,G21,Sample_68,"""RGB(119,0,255)""",,,DPP6,"""RGB(0,172,193)""",UNKNOWN,CY5,NFQ-MGB,,,319,329
165,G21,Sample_68,"""RGB(119,0,255)""",,,COL2A1,"""RGB(216,27,96)""",UNKNOWN,FAM,NFQ-MGB,,,320,330
166,G22,Sample_76,"""RGB(255,0,255)""",,,DPP6,"""RGB(0,172,193)""",UNKNOWN,CY5,NFQ-MGB,,,321,331
166,G22,Sample_76,"""RGB(255,0,255)""",,,COL2A1,"""RGB(216,27,96)""",UNKNOWN,FAM,NFQ-MGB,,,322,332
167,G23,Sample_84,"""RGB(255,0,119)""",,,DPP6,"""RGB(0,172,193)""",UNKNOWN,CY5,NFQ-MGB,,,323,333
167,G23,Sample_84,"""RGB(255,0,119)""",,,COL2A1,"""RGB(216,27,96)""",UNKNOWN,FAM,NFQ-MGB,,,324,334
169,H1,Sample_04,"""RGB(255,51,0)""",,,RALYL,"""RGB(30,136,229)""",UNKNOWN,CY5,NFQ-MGB,,,325,337
169,H1,Sample_04,"""RGB(255,51,0)""",,,GSX1,"""RGB(67,160,71)""",UNKNOWN,FAM,NFQ-MGB,,,326,338
170,H2,Sample_12,"""RGB(255,187,0)""",,,RALYL,"""RGB(30,136,229)""",UNKNOWN,CY5,NFQ-MGB,,,327,339
170,H2,Sample_12,"""RGB(255,187,0)""",,,GSX1,"""RGB(67,160,71)""",UNKNOWN,FAM,NFQ-MGB,,,328,340
171,H3,Sample_20,"""RGB(187,255,0)""",,,RALYL,"""RGB(30,136,229)""",UNKNOWN,CY5,NFQ-MGB,,,329,341
171,H3,Sample_20,"""RGB(187,255,0)""",,,GSX1,"""RGB(67,160,71)""",UNKNOWN,FAM,NFQ-MGB,,,330,342
172,H4,Sample_28,"""RGB(51,255,0)""",,,RALYL,"""RGB(30,136,229)""",UNKNOWN,CY5,NFQ-MGB,,,331,343
172,H4,Sample_28,"""RGB(51,255,0)""",,,GSX1,"""RGB(67,160,71)""",UNKNOWN,FAM,NFQ-MGB,,,332,344
173,H5,Sample_36,"""RGB(0,255,85)""",,,RALYL,"""RGB(30,136,229)""",UNKNOWN,CY5,NFQ-MGB,,,333,345
173,H5,Sample_36,"""RGB(0,255,85)""",,,GSX1,"""RGB(67,160,71)""",UNKNOWN,FAM,NFQ-MGB,,,334,346
174,H6,Sample_44,"""RGB(0,255,221)""",,,RALYL,"""RGB(30,136,229)""",UNKNOWN,CY5,NFQ-MGB,,,335,347
174,H6,Sample_44,"""RGB(0,255,221)""",,,GSX1,"""RGB(67,160,71)""",UNKNOWN,FAM,NFQ-MGB,,,336,348
175,H7,Sample_52,"""RGB(0,153,255)""",,,RALYL,"""RGB(30,136,229)""",UNKNOWN,CY5,NFQ-MGB,,,337,349
175,H7,Sample_52,"""RGB(0,153,255)""",,,GSX1,"""RGB(67,160,71)""",UNKNOWN,FAM,NFQ-MGB,,,338,350
176,H8,Sample_60,"""RGB(0,17,255)""",,,RALYL,"""RGB(30,136,229)""",UNKNOWN,CY5,NFQ-MGB,,,339,351
176,H8,Sample_60,"""RGB(0,17,255)""",,,GSX1,"""RGB(67,160,71)""",UNKNOWN,FAM,NFQ-MGB,,,340,352
177,H9,Sample_68,"""RGB(119,0,255)""",,,RALYL,"""RGB(30,136,229)""",UNKNOWN,CY5,NFQ-MGB,,,341,353
177,H9,Sample_68,"""RGB(119,0,255)""",,,GSX1,"""RGB(67,160,71)""",UNKNOWN,FAM,NFQ-MGB,,,342,354
178,H10,Sample_76,"""RGB(255,0,255)""",,,RALYL,"""RGB(30,136,229)""",UNKNOWN,CY5,NFQ-MGB,,,343,355
178,H10,Sample_76,"""RGB(255,0,255)""",,,GSX1,"""RGB(67,160,71)""",UNKNOWN,FAM,NFQ-MGB,,,344,356
179,H11,Sample_84,"""RGB(255,0,119)""",,,RALYL,"""RGB(30,136,229)""",UNKNOWN,CY5,NFQ-MGB,,,345,357
179,H11,Sample_84,"""RGB(255,0,119)""",,,GSX1,"""RGB(67,160,71)""",UNKNOWN,FAM,NFQ-MGB,,,346,358
181,H13,Sample_04,"""RGB(255,51,0)""",,,DPP6,"""RGB(0,172,193)""",UNKNOWN,CY5,NFQ-MGB,,,347,361
181,H13,Sample_04,"""RGB(255,51,0)""",,,COL2A1,"""RGB(216,27,96)""",UNKNOWN,FAM,NFQ-MGB,,,348,362
182,H14,Sample_12,"""RGB(255,187,0)""",,,DPP6,"""RGB(0,172,193)""",UNKNOWN,CY5,NFQ-MGB,,,349,363
182,H14,Sample_12,"""RGB(255,187,0)""",,,COL2A1,"""RGB(216,27,96)""",UNKNOWN,FAM,NFQ-MGB,,,350,364
183,H15,Sample_20,"""RGB(187,255,0)""",,,DPP6,"""RGB(0,172,193)""",UNKNOWN,CY5,NFQ-MGB,,,351,365
183,H15,Sample_20,"""RGB(187,255,0)""",,,COL2A1,"""RGB(216,27,96)""",UNKNOWN,FAM,NFQ-MGB,,,352,366
184,H16,Sample_28,"""RGB(51,255,0)""",,,DPP6,"""RGB(0,172,193)""",UNKNOWN,CY5,NFQ-MGB,,,353,367
184,H16,Sample_28,"""RGB(51,255,0)""",,,COL2A1,"""RGB(216,27,96)""",UNKNOWN,FAM,NFQ-MGB,,,354,368
185,H17,Sample_36,"""RGB(0,255,85)""",,,DPP6,"""RGB(0,172,193)""",UNKNOWN,CY5,NFQ-MGB,,,355,369
185,H17,Sample_36,"""RGB(0,255,85)""",,,COL2A1,"""RGB(216,27,96)""",UNKNOWN,FAM,NFQ-MGB,,,356,370
186,H18,Sample_44,"""RGB(0,255,221)""",,,DPP6,"""RGB(0,172,193)""",UNKNOWN,CY5,NFQ-MGB,,,357,371
186,H18,Sample_44,"""RGB(0,255,221)""",,,COL2A1,"""RGB(216,27,96)""",UNKNOWN,FAM,NFQ-MGB,,,358,372
187,H19,Sample_52,"""RGB(0,153,255)""",,,DPP6,"""RGB(0,172,193)""",UNKNOWN,CY5,NFQ-MGB,,,359,373
187,H19,Sample_52,"""RGB(0,153,255)""",,,COL2A1,"""RGB(216,27,96)""",UNKNOWN,FAM,NFQ-MGB,,,360,374
188,H20,Sample_60,"""RGB(0,17,255)""",,,DPP6,"""RGB(0,172,193)""",UNKNOWN,CY5,NFQ-MGB,,,361,375
188,H20,Sample_60,"""RGB(0,17,255)""",,,COL2A1,"""RGB(216,27,96)""",UNKNOWN,FAM,NFQ-MGB,,,362,376
189,H21,Sample_68,"""RGB(119,0,255)""",,,DPP6,"""RGB(0,172,193)""",UNKNOWN,CY5,NFQ-MGB,,,363,377
189,H21,Sample_68,"""RGB(119,0,255)""",,,COL2A1,"""RGB(216,27,96)""",UNKNOWN,FAM,NFQ-MGB,,,364,378
190,H22,Sample_76,"""RGB(255,0,255)""",,,DPP6,"""RGB(0,172,193)""",UNKNOWN,CY5,NFQ-MGB,,,365,379
190,H22,Sample_76,"""RGB(255,0,255)""",,,COL2A1,"""RGB(216,27,96)""",UNKNOWN,FAM,NFQ-MGB,,,366,380
191,H23,Sample_84,"""RGB(255,0,119)""",,,DPP6,"""RGB(0,172,193)""",UNKNOWN,CY5,NFQ-MGB,,,367,381
191,H23,Sample_84,"""RGB(255,0,119)""",,,COL2A1,"""RGB(216,27,96)""",UNKNOWN,FAM,NFQ-MGB,,,368,382
193,I1,Sample_05,"""RGB(255,68,0)""",,,RALYL,"""RGB(30,136,229)""",UNKNOWN,CY5,NFQ-MGB,,,369,385
193,I1,Sample_05,"""RGB(255,68,0)""",,,GSX1,"""RGB(67,160,71)""",UNKNOWN,FAM,NFQ-MGB,,,370,386
194,I2,Sample_13,"""RGB(255,204,0)""",,,RALYL,"""RGB(30,136,229)""",UNKNOWN,CY5,NFQ-MGB,,,371,387
194,I2,Sample_13,"""RGB(255,204,0)""",,,GSX1,"""RGB(67,160,71)""",UNKNOWN,FAM,NFQ-MGB,,,372,388
195,I3,Sample_21,"""RGB(170,255,0)""",,,RALYL,"""RGB(30,136,229)""",UNKNOWN,CY5,NFQ-MGB,,,373,389
195,I3,Sample_21,"""RGB(170,255,0)""",,,GSX1,"""RGB(67,160,71)""",UNKNOWN,FAM,NFQ-MGB,,,374,390
196,I4,Sample_29,"""RGB(34,255,0)""",,,RALYL,"""RGB(30,136,229)""",UNKNOWN,CY5,NFQ-MGB,,,375,391
196,I4,Sample_29,"""RGB(34,255,0)""",,,GSX1,"""RGB(67,160,71)""",UNKNOWN,FAM,NFQ-MGB,,,376,392
197,I5,Sample_37,"""RGB(0,255,102)""",,,RALYL,"""RGB(30,136,229)""",UNKNOWN,CY5,NFQ-MGB,,,377,393
197,I5,Sample_37,"""RGB(0,255,102)""",,,GSX1,"""RGB(67,160,71)""",UNKNOWN,FAM,NFQ-MGB,,,378,394
198,I6,Sample_45,"""RGB(0,255,238)""",,,RALYL,"""RGB(30,136,229)""",UNKNOWN,CY5,NFQ-MGB,,,379,395
198,I6,Sample_45,"""RGB(0,255,238)""",,,GSX1,"""RGB(67,160,71)""",UNKNOWN,FAM,NFQ-MGB,,,380,396
199,I7,Sample_53,"""RGB(0,136,255)""",,,RALYL,"""RGB(30,136,229)""",UNKNOWN,CY5,NFQ-MGB,,,381,397
199,I7,Sample_53,"""RGB(0,136,255)""",,,GSX1,"""RGB(67,160,71)""",UNKNOWN,FAM,NFQ-MGB,,,382,398
200,I8,Sample_61,"""RGB(0,0,255)""",,,RALYL,"""RGB(30,136,229)""",UNKNOWN,CY5,NFQ-MGB,,,383,399
200,I8,Sample_61,"""RGB(0,0,255)""",,,GSX1,"""RGB(67,160,71)""",UNKNOWN,FAM,NFQ-MGB,,,384,400
201,I9,Sample_69,"""RGB(136,0,255)""",,,RALYL,"""RGB(30,136,229)""",UNKNOWN,CY5,NFQ-MGB,,,385,401
201,I9,Sample_69,"""RGB(136,0,255)""",,,GSX1,"""RGB(67,160,71)""",UNKNOWN,FAM,NFQ-MGB,,,386,402
202,I10,Sample_77,"""RGB(255,0,238)""",,,RALYL,"""RGB(30,136,229)""",UNKNOWN,CY5,NFQ-MGB,,,387,403
202,I10,Sample_77,"""RGB(255,0,238)""",,,GSX1,"""RGB(67,160,71)""",UNKNOWN,FAM,NFQ-MGB,,,388,404
203,I11,Sample_85,"""RGB(255,0,102)""",,,RALYL,"""RGB(30,136,229)""",UNKNOWN,CY5,NFQ-MGB,,,389,405
203,I11,Sample_85,"""RGB(255,0,102)""",,,GSX1,"""RGB(67,160,71)""",UNKNOWN,FAM,NFQ-MGB,,,390,406
205,I13,Sample_05,"""RGB(255,68,0)""",,,DPP6,"""RGB(0,172,193)""",UNKNOWN,CY5,NFQ-MGB,,,391,409
205,I13,Sample_05,"""RGB(255,68,0)""",,,COL2A1,"""RGB(216,27,96)""",UNKNOWN,FAM,NFQ-MGB,,,392,410
206,I14,Sample_13,"""RGB(255,204,0)""",,,DPP6,"""RGB(0,172,193)""",UNKNOWN,CY5,NFQ-MGB,,,393,411
206,I14,Sample_13,"""RGB(255,204,0)""",,,COL2A1,"""RGB(216,27,96)""",UNKNOWN,FAM,NFQ-MGB,,,394,412
207,I15,Sample_21,"""RGB(170,255,0)""",,,DPP6,"""RGB(0,172,193)""",UNKNOWN,CY5,NFQ-MGB,,,395,413
207,I15,Sample_21,"""RGB(170,255,0)""",,,COL2A1,"""RGB(216,27,96)""",UNKNOWN,FAM,NFQ-MGB,,,396,414
208,I16,Sample_29,"""RGB(34,255,0)""",,,DPP6,"""RGB(0,172,193)""",UNKNOWN,CY5,NFQ-MGB,,,397,415
208,I16,Sample_29,"""RGB(34,255,0)""",,,COL2A1,"""RGB(216,27,96)""",UNKNOWN,FAM,NFQ-MGB,,,398,416
209,I17,Sample_37,"""RGB(0,255,102)""",,,DPP6,"""RGB(0,172,193)""",UNKNOWN,CY5,NFQ-MGB,,,399,417
209,I17,Sample_37,"""RGB(0,255,102)""",,,COL2A1,"""RGB(216,27,96)""",UNKNOWN,FAM,NFQ-MGB,,,400,418
210,I18,Sample_45,"""RGB(0,255,238)""",,,DPP6,"""RGB(0,172,193)""",UNKNOWN,CY5,NFQ-MGB,,,401,419
210,I18,Sample_45,"""RGB(0,255,238)""",,,COL2A1,"""RGB(216,27,96)""",UNKNOWN,FAM,NFQ-MGB,,,402,420
211,I19,Sample_53,"""RGB(0,136,255)""",,,DPP6,"""RGB(0,172,193)""",UNKNOWN,CY5,NFQ-MGB,,,403,421
211,I19,Sample_53,"""RGB(0,136,255)""",,,COL2A1,"""RGB(216,27,96)""",UNKNOWN,FAM,NFQ-MGB,,,404,422
212,I20,Sample_61,"""RGB(0,0,255)""",,,DPP6,"""RGB(0,172,193)""",UNKNOWN,CY5,NFQ-MGB,,,405,423
212,I20,Sample_61,"""RGB(0,0,255)""",,,COL2A1,"""RGB(216,27,96)""",UNKNOWN,FAM,NFQ-MGB,,,406,424
213,I21,Sample_69,"""RGB(136,0,255)""",,,DPP6,"""RGB(0,172,193)""",UNKNOWN,CY5,NFQ-MGB,,,407,425
213,I21,Sample_69,"""RGB(136,0,255)""",,,COL2A1,"""RGB(216,27,96)""",UNKNOWN,FAM,NFQ-MGB,,,408,426
214,I22,Sample_77,"""RGB(255,0,238)""",,,DPP6,"""RGB(0,172,193)""",UNKNOWN,CY5,NFQ-MGB,,,409,427
214,I22,Sample_77,"""RGB(255,0,238)""",,,COL2A1,"""RGB(216,27,96)""",UNKNOWN,FAM,NFQ-MGB,,,410,428
215,I23,Sample_85,"""RGB(255,0,102)""",,,DPP6,"""RGB(0,172,193)""",UNKNOWN,CY5,NFQ-MGB,,,411,429
215,I23,Sample_85,"""RGB(255,0,102)""",,,COL2A1,"""RGB(216,27,96)""",UNKNOWN,FAM,NFQ-MGB,,,412,430
217,J1,Sample_05,"""RGB(255,68,0)""",,,RALYL,"""RGB(30,136,229)""",UNKNOWN,CY5,NFQ-MGB,,,413,433
217,J1,Sample_05,"""RGB(255,68,0)""",,,GSX1,"""RGB(67,160,71)""",UNKNOWN,FAM,NFQ-MGB,,,414,434
218,J2,Sample_13,"""RGB(255,204,0)""",,,RALYL,"""RGB(30,136,229)""",UNKNOWN,CY5,NFQ-MGB,,,415,435
218,J2,Sample_13,"""RGB(255,204,0)""",,,GSX1,"""RGB(67,160,71)""",UNKNOWN,FAM,NFQ-MGB,,,416,436
219,J3,Sample_21,"""RGB(170,255,0)""",,,RALYL,"""RGB(30,136,229)""",UNKNOWN,CY5,NFQ-MGB,,,417,437
219,J3,Sample_21,"""RGB(170,255,0)""",,,GSX1,"""RGB(67,160,71)""",UNKNOWN,FAM,NFQ-MGB,,,418,438
220,J4,Sample_29,"""RGB(34,255,0)""",,,RALYL,"""RGB(30,136,229)""",UNKNOWN,CY5,NFQ-MGB,,,419,439
220,J4,Sample_29,"""RGB(34,255,0)""",,,GSX1,"""RGB(67,160,71)""",UNKNOWN,FAM,NFQ-MGB,,,420,440
221,J5,Sample_37,"""RGB(0,255,102)""",,,RALYL,"""RGB(30,136,229)""",UNKNOWN,CY5,NFQ-MGB,,,421,441
221,J5,Sample_37,"""RGB(0,255,102)""",,,GSX1,"""RGB(67,160,71)""",UNKNOWN,FAM,NFQ-MGB,,,422,442
222,J6,Sample_45,"""RGB(0,255,238)""",,,RALYL,"""RGB(30,136,229)""",UNKNOWN,CY5,NFQ-MGB,,,423,443
222,J6,Sample_45,"""RGB(0,255,238)""",,,GSX1,"""RGB(67,160,71)""",UNKNOWN,FAM,NFQ-MGB,,,424,444
223,J7,Sample_53,"""RGB(0,136,255)""",,,RALYL,"""RGB(30,136,229)""",UNKNOWN,CY5,NFQ-MGB,,,425,445
223,J7,Sample_53,"""RGB(0,136,255)""",,,GSX1,"""RGB(67,160,71)""",UNKNOWN,FAM,NFQ-MGB,,,426,446
224,J8,Sample_61,"""RGB(0,0,255)""",,,RALYL,"""RGB(30,136,229)""",UNKNOWN,CY5,NFQ-MGB,,,427,447
224,J8,Sample_61,"""RGB(0,0,255)""",,,GSX1,"""RGB(67,160,71)""",UNKNOWN,FAM,NFQ-MGB,,,428,448
225,J9,Sample_69,"""RGB(136,0,255)""",,,RALYL,"""RGB(30,136,229)""",UNKNOWN,CY5,NFQ-MGB,,,429,449
225,J9,Sample_69,"""RGB(136,0,255)""",,,GSX1,"""RGB(67,160,71)""",UNKNOWN,FAM,NFQ-MGB,,,430,450
226,J10,Sample_77,"""RGB(255,0,238)""",,,RALYL,"""RGB(30,136,229)""",UNKNOWN,CY5,NFQ-MGB,,,431,451
226,J10,Sample_77,"""RGB(255,0,238)""",,,GSX1,"""RGB(67,160,71)""",UNKNOWN,FAM,NFQ-MGB,,,432,452
227,J11,Sample_85,"""RGB(255,0,102)""",,,RALYL,"""RGB(30,136,229)""",UNKNOWN,CY5,NFQ-MGB,,,433,453
227,J11,Sample_85,"""RGB(255,0,102)""",,,GSX1,"""RGB(67,160,71)""",UNKNOWN,FAM,NFQ-MGB,,,434,454
229,J13,Sample_05,"""RGB(255,68,0)""",,,DPP6,"""RGB(0,172,193)""",UNKNOWN,CY5,NFQ-MGB,,,435,457
229,J13,Sample_05,"""RGB(255,68,0)""",,,COL2A1,"""RGB(216,27,96)""",UNKNOWN,FAM,NFQ-MGB,,,436,458
230,J14,Sample_13,"""RGB(255,204,0)""",,,DPP6,"""RGB(0,172,193)""",UNKNOWN,CY5,NFQ-MGB,,,437,459
230,J14,Sample_13,"""RGB(255,204,0)""",,,COL2A1,"""RGB(216,27,96)""",UNKNOWN,FAM,NFQ-MGB,,,438,460
231,J15,Sample_21,"""RGB(170,255,0)""",,,DPP6,"""RGB(0,172,193)""",UNKNOWN,CY5,NFQ-MGB,,,439,461
231,J15,Sample_21,"""RGB(170,255,0)""",,,COL2A1,"""RGB(216,27,96)""",UNKNOWN,FAM,NFQ-MGB,,,440,462
232,J16,Sample_29,"""RGB(34,255,0)""",,,DPP6,"""RGB(0,172,193)""",UNKNOWN,CY5,NFQ-MGB,,,441,463
232,J16,Sample_29,"""RGB(34,255,0)""",,,COL2A1,"""RGB(216,27,96)""",UNKNOWN,FAM,NFQ-MGB,,,442,464
233,J17,Sample_37,"""RGB(0,255,102)""",,,DPP6,"""RGB(0,172,193)""",UNKNOWN,CY5,NFQ-MGB,,,443,465
233,J17,Sample_37,"""RGB(0,255,102)""",,,COL2A1,"""RGB(216,27,96)""",UNKNOWN,FAM,NFQ-MGB,,,444,466
234,J18,Sample_45,"""RGB(0,255,238)""",,,DPP6,"""RGB(0,172,193)""",UNKNOWN,CY5,NFQ-MGB,,,445,467
234,J18,Sample_45,"""RGB(0,255,238)""",,,COL2A1,"""RGB(216,27,96)""",UNKNOWN,FAM,NFQ-MGB,,,446,468
235,J19,Sample_53,"""RGB(0,136,255)""",,,DPP6,"""RGB(0,172,193)""",UNKNOWN,CY5,NFQ-MGB,,,447,469
235,J19,Sample_53,"""RGB(0,136,255)""",,,COL2A1,"""RGB(216,27,96)""",UNKNOWN,FAM,NFQ-MGB,,,448,470
236,J20,Sample_61,"""RGB(0,0,255)""",,,DPP6,"""RGB(0,172,193)""",UNKNOWN,CY5,NFQ-MGB,,,449,471
236,J20,Sample_61,"""RGB(0,0,255)""",,,COL2A1,"""RGB(216,27,96)""",UNKNOWN,FAM,NFQ-MGB,,,450,472
237,J21,Sample_69,"""RGB(136,0,255)""",,,DPP6,"""RGB(0,172,193)""",UNKNOWN,CY5,NFQ-MGB,,,451,473
237,J21,Sample_69,"""RGB(136,0,255)""",,,COL2A1,"""RGB(216,27,96)""",UNKNOWN,FAM,NFQ-MGB,,,452,474
238,J22,Sample_77,"""RGB(255,0,238)""",,,DPP6,"""RGB(0,172,193)""",UNKNOWN,CY5,NFQ-MGB,,,453,475
238,J22,Sample_77,"""RGB(255,0,238)""",,,COL2A1,"""RGB(216,27,96)""",UNKNOWN,FAM,NFQ-MGB,,,454,476
239,J23,Sample_85,"""RGB(255,0,102)""",,,DPP6,"""RGB(0,172,193)""",UNKNOWN,CY5,NFQ-MGB,,,455,477
239,J23,Sample_85,"""RGB(255,0,102)""",,,COL2A1,"""RGB(216,27,96)""",UNKNOWN,FAM,NFQ-MGB,,,456,478
241,K1,Sample_06,"""RGB(255,85,0)""",,,RALYL,"""RGB(30,136,229)""",UNKNOWN,CY5,NFQ-MGB,,,457,481
241,K1,Sample_06,"""RGB(255,85,0)""",,,GSX1,"""RGB(67,160,71)""",UNKNOWN,FAM,NFQ-MGB,,,458,482
242,K2,Sample_14,"""RGB(255,221,0)""",,,RALYL,"""RGB(30,136,229)""",UNKNOWN,CY5,NFQ-MGB,,,459,483
242,K2,Sample_14,"""RGB(255,221,0)""",,,GSX1,"""RGB(67,160,71)""",UNKNOWN,FAM,NFQ-MGB,,,460,484
243,K3,Sample_22,"""RGB(153,255,0)""",,,RALYL,"""RGB(30,136,229)""",UNKNOWN,CY5,NFQ-MGB,,,461,485
243,K3,Sample_22,"""RGB(153,255,0)""",,,GSX1,"""RGB(67,160,71)""",UNKNOWN,FAM,NFQ-MGB,,,462,486
244,K4,Sample_30,"""RGB(17,255,0)""",,,RALYL,"""RGB(30,136,229)""",UNKNOWN,CY5,NFQ-MGB,,,463,487
244,K4,Sample_30,"""RGB(17,255,0)""",,,GSX1,"""RGB(67,160,71)""",UNKNOWN,FAM,NFQ-MGB,,,464,488
245,K5,Sample_38,"""RGB(0,255,119)""",,,RALYL,"""RGB(30,136,229)""",UNKNOWN,CY5,NFQ-MGB,,,465,489
245,K5,Sample_38,"""RGB(0,255,119)""",,,GSX1,"""RGB(67,160,71)""",UNKNOWN,FAM,NFQ-MGB,,,466,490
246,K6,Sample_46,"""RGB(0,255,255)""",,,RALYL,"""RGB(30,136,229)""",UNKNOWN,CY5,NFQ-MGB,,,467,491
246,K6,Sample_46,"""RGB(0,255,255)""",,,GSX1,"""RGB(67,160,71)""",UNKNOWN,FAM,NFQ-MGB,,,468,492
247,K7,Sample_54,"""RGB(0,119,255)""",,,RALYL,"""RGB(30,136,229)""",UNKNOWN,CY5,NFQ-MGB,,,469,493
247,K7,Sample_54,"""RGB(0,119,255)""",,,GSX1,"""RGB(67,160,71)""",UNKNOWN,FAM,NFQ-MGB,,,470,494
248,K8,Sample_62,"""RGB(17,0,255)""",,,RALYL,"""RGB(30,136,229)""",UNKNOWN,CY5,NFQ-MGB,,,471,495
248,K8,Sample_62,"""RGB(17,0,255)""",,,GSX1,"""RGB(67,160,71)""",UNKNOWN,FAM,NFQ-MGB,,,472,496
249,K9,Sample_70,"""RGB(153,0,255)""",,,RALYL,"""RGB(30,136,229)""",UNKNOWN,CY5,NFQ-MGB,,,473,497
249,K9,Sample_70,"""RGB(153,0,255)""",,,GSX1,"""RGB(67,160,71)""",UNKNOWN,FAM,NFQ-MGB,,,474,498
250,K10,Sample_78,"""RGB(255,0,221)""",,,RALYL,"""RGB(30,136,229)""",UNKNOWN,CY5,NFQ-MGB,,,475,499
250,K10,Sample_78,"""RGB(255,0,221)""",,,GSX1,"""RGB(67,160,71)""",UNKNOWN,FAM,NFQ-MGB,,,476,500
251,K11,Sample_86,"""RGB(255,0,85)""",,,RALYL,"""RGB(30,136,229)""",UNKNOWN,CY5,NFQ-MGB,,,477,501
251,K11,Sample_86,"""RGB(255,0,85)""",,,GSX1,"""RGB(67,160,71)""",UNKNOWN,FAM,NFQ-MGB,,,478,502
253,K13,Sample_06,"""RGB(255,85,0)""",,,DPP6,"""RGB(0,172,193)""",UNKNOWN,CY5,NFQ-MGB,,,479,505
253,K13,Sample_06,"""RGB(255,85,0)""",,,COL2A1,"""RGB(216,27,96)""",UNKNOWN,FAM,NFQ-MGB,,,480,506
254,K14,Sample_14,"""RGB(255,221,0)""",,,DPP6,"""RGB(0,172,193)""",UNKNOWN,CY5,NFQ-MGB,,,481,507
254,K14,Sample_14,"""RGB(255,221,0)""",,,COL2A1,"""RGB(216,27,96)""",UNKNOWN,FAM,NFQ-MGB,,,482,508
255,K15,Sample_22,"""RGB(153,255,0)""",,,DPP6,"""RGB(0,172,193)""",UNKNOWN,CY5,NFQ-MGB,,,483,509
255,K15,Sample_22,"""RGB(153,255,0)""",,,COL2A1,"""RGB(216,27,96)""",UNKNOWN,FAM,NFQ-MGB,,,484,510
256,K16,Sample_30,"""RGB(17,255,0)""",,,DPP6,"""RGB(0,172,193)""",UNKNOWN,CY5,NFQ-MGB,,,485,511
256,K16,Sample_30,"""RGB(17,255,0)""",,,COL2A1,"""RGB(216,27,96)""",UNKNOWN,FAM,NFQ-MGB,,,486,512
257,K17,Sample_38,"""RGB(0,255,119)""",,,DPP6,"""RGB(0,172,193)""",UNKNOWN,CY5,NFQ-MGB,,,487,513
257,K17,Sample_38,"""RGB(0,255,119)""",,,COL2A1,"""RGB(216,27,96)""",UNKNOWN,FAM,NFQ-MGB,,,488,514
258,K18,Sample_46,"""RGB(0,255,255)""",,,DPP6,"""RGB(0,172,193)""",UNKNOWN,CY5,NFQ-MGB,,,489,515
258,K18,Sample_46,"""RGB(0,255,255)""",,,COL2A1,"""RGB(216,27,96)""",UNKNOWN,FAM,NFQ-MGB,,,490,516
259,K19,Sample_54,"""RGB(0,119,255)""",,,DPP6,"""RGB(0,172,193)""",UNKNOWN,CY5,NFQ-MGB,,,491,517
259,K19,Sample_54,"""RGB(0,119,255)""",,,COL2A1,"""RGB(216,27,96)""",UNKNOWN,FAM,NFQ-MGB,,,492,518
260,K20,Sample_62,"""RGB(17,0,255)""",,,DPP6,"""RGB(0,172,193)""",UNKNOWN,CY5,NFQ-MGB,,,493,519
260,K20,Sample_62,"""RGB(17,0,255)""",,,COL2A1,"""RGB(216,27,96)""",UNKNOWN,FAM,NFQ-MGB,,,494,520
261,K21,Sample_70,"""RGB(153,0,255)""",,,DPP6,"""RGB(0,172,193)""",UNKNOWN,CY5,NFQ-MGB,,,495,521
261,K21,Sample_70,"""RGB(153,0,255)""",,,COL2A1,"""RGB(216,27,96)""",UNKNOWN,FAM,NFQ-MGB,,,496,522
262,K22,Sample_78,"""RGB(255,0,221)""",,,DPP6,"""RGB(0,172,193)""",UNKNOWN,CY5,NFQ-MGB,,,497,523
262,K22,Sample_78,"""RGB(255,0,221)""",,,COL2A1,"""RGB(216,27,96)""",UNKNOWN,FAM,NFQ-MGB,,,498,524
263,K23,Sample_86,"""RGB(255,0,85)""",,,DPP6,"""RGB(0,172,193)""",UNKNOWN,CY5,NFQ-MGB,,,499,525
263,K23,Sample_86,"""RGB(255,0,85)""",,,COL2A1,"""RGB(216,27,96)""",UNKNOWN,FAM,NFQ-MGB,,,500,526
265,L1,Sample_06,"""RGB(255,85,0)""",,,RALYL,"""RGB(30,136,229)""",UNKNOWN,CY5,NFQ-MGB,,,501,529
265,L1,Sample_06,"""RGB(255,85,0)""",,,GSX1,"""RGB(67,160,71)""",UNKNOWN,FAM,NFQ-MGB,,,502,530
266,L2,Sample_14,"""RGB(255,221,0)""",,,RALYL,"""RGB(30,136,229)""",UNKNOWN,CY5,NFQ-MGB,,,503,531
266,L2,Sample_14,"""RGB(255,221,0)""",,,GSX1,"""RGB(67,160,71)""",UNKNOWN,FAM,NFQ-MGB,,,504,532
267,L3,Sample_22,"""RGB(153,255,0)""",,,RALYL,"""RGB(30,136,229)""",UNKNOWN,CY5,NFQ-MGB,,,505,533
267,L3,Sample_22,"""RGB(153,255,0)""",,,GSX1,"""RGB(67,160,71)""",UNKNOWN,FAM,NFQ-MGB,,,506,534
268,L4,Sample_30,"""RGB(17,255,0)""",,,RALYL,"""RGB(30,136,229)""",UNKNOWN,CY5,NFQ-MGB,,,507,535
268,L4,Sample_30,"""RGB(17,255,0)""",,,GSX1,"""RGB(67,160,71)""",UNKNOWN,FAM,NFQ-MGB,,,508,536
269,L5,Sample_38,"""RGB(0,255,119)""",,,RALYL,"""RGB(30,136,229)""",UNKNOWN,CY5,NFQ-MGB,,,509,537
269,L5,Sample_38,"""RGB(0,255,119)""",,,GSX1,"""RGB(67,160,71)""",UNKNOWN,FAM,NFQ-MGB,,,510,538
270,L6,Sample_46,"""RGB(0,255,255)""",,,RALYL,"""RGB(30,136,229)""",UNKNOWN,CY5,NFQ-MGB,,,511,539
270,L6,Sample_46,"""RGB(0,255,255)""",,,GSX1,"""RGB(67,160,71)""",UNKNOWN,FAM,NFQ-MGB,,,512,540
271,L7,Sample_54,"""RGB(0,119,255)""",,,RALYL,"""RGB(30,136,229)""",UNKNOWN,CY5,NFQ-MGB,,,513,541
271,L7,Sample_54,"""RGB(0,119,255)""",,,GSX1,"""RGB(67,160,71)""",UNKNOWN,FAM,NFQ-MGB,,,514,542
272,L8,Sample_62,"""RGB(17,0,255)""",,,RALYL,"""RGB(30,136,229)""",UNKNOWN,CY5,NFQ-MGB,,,515,543
272,L8,Sample_62,"""RGB(17,0,255)""",,,GSX1,"""RGB(67,160,71)""",UNKNOWN,FAM,NFQ-MGB,,,516,544
273,L9,Sample_70,"""RGB(153,0,255)""",,,RALYL,"""RGB(30,136,229)""",UNKNOWN,CY5,NFQ-MGB,,,517,545
273,L9,Sample_70,"""RGB(153,0,255)""",,,GSX1,"""RGB(67,160,71)""",UNKNOWN,FAM,NFQ-MGB,,,518,546
274,L10,Sample_78,"""RGB(255,0,221)""",,,RALYL,"""RGB(30,136,229)""",UNKNOWN,CY5,NFQ-MGB,,,519,547
274,L10,Sample_78,"""RGB(255,0,221)""",,,GSX1,"""RGB(67,160,71)""",UNKNOWN,FAM,NFQ-MGB,,,520,548
275,L11,Sample_86,"""RGB(255,0,85)""",,,RALYL,"""RGB(30,136,229)""",UNKNOWN,CY5,NFQ-MGB,,,521,549
275,L11,Sample_86,"""RGB(255,0,85)""",,,GSX1,"""RGB(67,160,71)""",UNKNOWN,FAM,NFQ-MGB,,,522,550
277,L13,Sample_06,"""RGB(255,85,0)""",,,DPP6,"""RGB(0,172,193)""",UNKNOWN,CY5,NFQ-MGB,,,523,553
277,L13,Sample_06,"""RGB(255,85,0)""",,,COL2A1,"""RGB(216,27,96)""",UNKNOWN,FAM,NFQ-MGB,,,524,554
278,L14,Sample_14,"""RGB(255,221,0)""",,,DPP6,"""RGB(0,172,193)""",UNKNOWN,CY5,NFQ-MGB,,,525,555
278,L14,Sample_14,"""RGB(255,221,0)""",,,COL2A1,"""RGB(216,27,96)""",UNKNOWN,FAM,NFQ-MGB,,,526,556
279,L15,Sample_22,"""RGB(153,255,0)""",,,DPP6,"""RGB(0,172,193)""",UNKNOWN,CY5,NFQ-MGB,,,527,557
279,L15,Sample_22,"""RGB(153,255,0)""",,,COL2A1,"""RGB(216,27,96)""",UNKNOWN,FAM,NFQ-MGB,,,528,558
280,L16,Sample_30,"""RGB(17,255,0)""",,,DPP6,"""RGB(0,172,193)""",UNKNOWN,CY5,NFQ-MGB,,,529,559
280,L16,Sample_30,"""RGB(17,255,0)""",,,COL2A1,"""RGB(216,27,96)""",UNKNOWN,FAM,NFQ-MGB,,,530,560
281,L17,Sample_38,"""RGB(0,255,119)""",,,DPP6,"""RGB(0,172,193)""",UNKNOWN,CY5,NFQ-MGB,,,531,561
281,L17,Sample_38,"""RGB(0,255,119)""",,,COL2A1,"""RGB(216,27,96)""",UNKNOWN,FAM,NFQ-MGB,,,532,562
282,L18,Sample_46,"""RGB(0,255,255)""",,,DPP6,"""RGB(0,172,193)""",UNKNOWN,CY5,NFQ-MGB,,,533,563
282,L18,Sample_46,"""RGB(0,255,255)""",,,COL2A1,"""RGB(216,27,96)""",UNKNOWN,FAM,NFQ-MGB,,,534,564
283,L19,Sample_54,"""RGB(0,119,255)""",,,DPP6,"""RGB(0,172,193)""",UNKNOWN,CY5,NFQ-MGB,,,535,565
283,L19,Sample_54,"""RGB(0,119,255)""",,,COL2A1,"""RGB(216,27,96)""",UNKNOWN,FAM,NFQ-MGB,,,536,566
284,L20,Sample_62,"""RGB(17,0,255)""",,,DPP6,"""RGB(0,172,193)""",UNKNOWN,CY5,NFQ-MGB,,,537,567
284,L20,Sample_62,"""RGB(17,0,255)""",,,COL2A1,"""RGB(216,27,96)""",UNKNOWN,FAM,NFQ-MGB,,,538,568
285,L21,Sample_70,"""RGB(153,0,255)""",,,DPP6,"""RGB(0,172,193)""",UNKNOWN,CY5,NFQ-MGB,,,539,569
285,L21,Sample_70,"""RGB(153,0,255)""",,,COL2A1,"""RGB(216,27,96)""",UNKNOWN,FAM,NFQ-MGB,,,540,570
286,L22,Sample_78,"""RGB(255,0,221)""",,,DPP6,"""RGB(0,172,193)""",UNKNOWN,CY5,NFQ-MGB,,,541,571
286,L22,Sample_78,"""RGB(255,0,221)""",,,COL2A1,"""RGB(216,27,96)""",UNKNOWN,FAM,NFQ-MGB,,,542,572
287,L23,Sample_86,"""RGB(255,0,85)""",,,DPP6,"""RGB(0,172,193)""",UNKNOWN,CY5,NFQ-MGB,,,543,573
287,L23,Sample_86,"""RGB(255,0,85)""",,,COL2A1,"""RGB(216,27,96)""",UNKNOWN,FAM,NFQ-MGB,,,544,574
289,M1,Sample_07,"""RGB(255,102,0)""",,,RALYL,"""RGB(30,136,229)""",UNKNOWN,CY5,NFQ-MGB,,,545,577
289,M1,Sample_07,"""RGB(255,102,0)""",,,GSX1,"""RGB(67,160,71)""",UNKNOWN,FAM,NFQ-MGB,,,546,578
290,M2,Sample_15,"""RGB(255,238,0)""",,,RALYL,"""RGB(30,136,229)""",UNKNOWN,CY5,NFQ-MGB,,,547,579
290,M2,Sample_15,"""RGB(255,238,0)""",,,GSX1,"""RGB(67,160,71)""",UNKNOWN,FAM,NFQ-MGB,,,548,580
291,M3,Sample_23,"""RGB(136,255,0)""",,,RALYL,"""RGB(30,136,229)""",UNKNOWN,CY5,NFQ-MGB,,,549,581
291,M3,Sample_23,"""RGB(136,255,0)""",,,GSX1,"""RGB(67,160,71)""",UNKNOWN,FAM,NFQ-MGB,,,550,582
292,M4,Sample_31,"""RGB(0,255,0)""",,,RALYL,"""RGB(30,136,229)""",UNKNOWN,CY5,NFQ-MGB,,,551,583
292,M4,Sample_31,"""RGB(0,255,0)""",,,GSX1,"""RGB(67,160,71)""",UNKNOWN,FAM,NFQ-MGB,,,552,584
293,M5,Sample_39,"""RGB(0,255,136)""",,,RALYL,"""RGB(30,136,229)""",UNKNOWN,CY5,NFQ-MGB,,,553,585
293,M5,Sample_39,"""RGB(0,255,136)""",,,GSX1,"""RGB(67,160,71)""",UNKNOWN,FAM,NFQ-MGB,,,554,586
294,M6,Sample_47,"""RGB(0,238,255)""",,,RALYL,"""RGB(30,136,229)""",UNKNOWN,CY5,NFQ-MGB,,,555,587
294,M6,Sample_47,"""RGB(0,238,255)""",,,GSX1,"""RGB(67,160,71)""",UNKNOWN,FAM,NFQ-MGB,,,556,588
295,M7,Sample_55,"""RGB(0,102,255)""",,,RALYL,"""RGB(30,136,229)""",UNKNOWN,CY5,NFQ-MGB,,,557,589
295,M7,Sample_55,"""RGB(0,102,255)""",,,GSX1,"""RGB(67,160,71)""",UNKNOWN,FAM,NFQ-MGB,,,558,590
296,M8,Sample_63,"""RGB(34,0,255)""",,,RALYL,"""RGB(30,136,229)""",UNKNOWN,CY5,NFQ-MGB,,,559,591
296,M8,Sample_63,"""RGB(34,0,255)""",,,GSX1,"""RGB(67,160,71)""",UNKNOWN,FAM,NFQ-MGB,,,560,592
297,M9,Sample_71,"""RGB(170,0,255)""",,,RALYL,"""RGB(30,136,229)""",UNKNOWN,CY5,NFQ-MGB,,,561,593
297,M9,Sample_71,"""RGB(170,0,255)""",,,GSX1,"""RGB(67,160,71)""",UNKNOWN,FAM,NFQ-MGB,,,562,594
298,M10,Sample_79,"""RGB(255,0,204)""",,,RALYL,"""RGB(30,136,229)""",UNKNOWN,CY5,NFQ-MGB,,,563,595
298,M10,Sample_79,"""RGB(255,0,204)""",,,GSX1,"""RGB(67,160,71)""",UNKNOWN,FAM,NFQ-MGB,,,564,596
299,M11,Sample_87,"""RGB(255,0,68)""",,,RALYL,"""RGB(30,136,229)""",UNKNOWN,CY5,NFQ-MGB,,,565,597
299,M11,Sample_87,"""RGB(255,0,68)""",,,GSX1,"""RGB(67,160,71)""",UNKNOWN,FAM,NFQ-MGB,,,566,598
301,M13,Sample_07,"""RGB(255,102,0)""",,,DPP6,"""RGB(0,172,193)""",UNKNOWN,CY5,NFQ-MGB,,,567,601
301,M13,Sample_07,"""RGB(255,102,0)""",,,COL2A1,"""RGB(216,27,96)""",UNKNOWN,FAM,NFQ-MGB,,,568,602
302,M14,Sample_15,"""RGB(255,238,0)""",,,DPP6,"""RGB(0,172,193)""",UNKNOWN,CY5,NFQ-MGB,,,569,603
302,M14,Sample_15,"""RGB(255,238,0)""",,,COL2A1,"""RGB(216,27,96)""",UNKNOWN,FAM,NFQ-MGB,,,570,604
303,M15,Sample_23,"""RGB(136,255,0)""",,,DPP6,"""RGB(0,172,193)""",UNKNOWN,CY5,NFQ-MGB,,,571,605
303,M15,Sample_23,"""RGB(136,255,0)""",,,COL2A1,"""RGB(216,27,96)""",UNKNOWN,FAM,NFQ-MGB,,,572,606
304,M16,Sample_31,"""RGB(0,255,0)""",,,DPP6,"""RGB(0,172,193)""",UNKNOWN,CY5,NFQ-MGB,,,573,607
304,M16,Sample_31,"""RGB(0,255,0)""",,,COL2A1,"""RGB(216,27,96)""",UNKNOWN,FAM,NFQ-MGB,,,574,608
305,M17,Sample_39,"""RGB(0,255,136)""",,,DPP6,"""RGB(0,172,193)""",UNKNOWN,CY5,NFQ-MGB,,,575,609
305,M17,Sample_39,"""RGB(0,255,136)""",,,COL2A1,"""RGB(216,27,96)""",UNKNOWN,FAM,NFQ-MGB,,,576,610
306,M18,Sample_47,"""RGB(0,238,255)""",,,DPP6,"""RGB(0,172,193)""",UNKNOWN,CY5,NFQ-MGB,,,577,611
306,M18,Sample_47,"""RGB(0,238,255)""",,,COL2A1,"""RGB(216,27,96)""",UNKNOWN,FAM,NFQ-MGB,,,578,612
307,M19,Sample_55,"""RGB(0,102,255)""",,,DPP6,"""RGB(0,172,193)""",UNKNOWN,CY5,NFQ-MGB,,,579,613
307,M19,Sample_55,"""RGB(0,102,255)""",,,COL2A1,"""RGB(216,27,96)""",UNKNOWN,FAM,NFQ-MGB,,,580,614
308,M20,Sample_63,"""RGB(34,0,255)""",,,DPP6,"""RGB(0,172,193)""",UNKNOWN,CY5,NFQ-MGB,,,581,615
308,M20,Sample_63,"""RGB(34,0,255)""",,,COL2A1,"""RGB(216,27,96)""",UNKNOWN,FAM,NFQ-MGB,,,582,616
309,M21,Sample_71,"""RGB(170,0,255)""",,,DPP6,"""RGB(0,172,193)""",UNKNOWN,CY5,NFQ-MGB,,,583,617
309,M21,Sample_71,"""RGB(170,0,255)""",,,COL2A1,"""RGB(216,27,96)""",UNKNOWN,FAM,NFQ-MGB,,,584,618
310,M22,Sample_79,"""RGB(255,0,204)""",,,DPP6,"""RGB(0,172,193)""",UNKNOWN,CY5,NFQ-MGB,,,585,619
310,M22,Sample_79,"""RGB(255,0,204)""",,,COL2A1,"""RGB(216,27,96)""",UNKNOWN,FAM,NFQ-MGB,,,586,620
311,M23,Sample_87,"""RGB(255,0,68)""",,,DPP6,"""RGB(0,172,193)""",UNKNOWN,CY5,NFQ-MGB,,,587,621
311,M23,Sample_87,"""RGB(255,0,68)""",,,COL2A1,"""RGB(216,27,96)""",UNKNOWN,FAM,NFQ-MGB,,,588,622
313,N1,Sample_07,"""RGB(255,102,0)""",,,RALYL,"""RGB(30,136,229)""",UNKNOWN,CY5,NFQ-MGB,,,589,625
313,N1,Sample_07,"""RGB(255,102,0)""",,,GSX1,"""RGB(67,160,71)""",UNKNOWN,FAM,NFQ-MGB,,,590,626
314,N2,Sample_15,"""RGB(255,238,0)""",,,RALYL,"""RGB(30,136,229)""",UNKNOWN,CY5,NFQ-MGB,,,591,627
314,N2,Sample_15,"""RGB(255,238,0)""",,,GSX1,"""RGB(67,160,71)""",UNKNOWN,FAM,NFQ-MGB,,,592,628
315,N3,Sample_23,"""RGB(136,255,0)""",,,RALYL,"""RGB(30,136,229)""",UNKNOWN,CY5,NFQ-MGB,,,593,629
315,N3,Sample_23,"""RGB(136,255,0)""",,,GSX1,"""RGB(67,160,71)""",UNKNOWN,FAM,NFQ-MGB,,,594,630
316,N4,Sample_31,"""RGB(0,255,0)""",,,RALYL,"""RGB(30,136,229)""",UNKNOWN,CY5,NFQ-MGB,,,595,631
316,N4,Sample_31,"""RGB(0,255,0)""",,,GSX1,"""RGB(67,160,71)""",UNKNOWN,FAM,NFQ-MGB,,,596,632
317,N5,Sample_39,"""RGB(0,255,136)""",,,RALYL,"""RGB(30,136,229)""",UNKNOWN,CY5,NFQ-MGB,,,597,633
317,N5,Sample_39,"""RGB(0,255,136)""",,,GSX1,"""RGB(67,160,71)""",UNKNOWN,FAM,NFQ-MGB,,,598,634
318,N6,Sample_47,"""RGB(0,238,255)""",,,RALYL,"""RGB(30,136,229)""",UNKNOWN,CY5,NFQ-MGB,,,599,635
318,N6,Sample_47,"""RGB(0,238,255)""",,,GSX1,"""RGB(67,160,71)""",UNKNOWN,FAM,NFQ-MGB,,,600,636
319,N7,Sample_55,"""RGB(0,102,255)""",,,RALYL,"""RGB(30,136,229)""",UNKNOWN,CY5,NFQ-MGB,,,601,637
319,N7,Sample_55,"""RGB(0,102,255)""",,,GSX1,"""RGB(67,160,71)""",UNKNOWN,FAM,NFQ-MGB,,,602,638
320,N8,Sample_63,"""RGB(34,0,255)""",,,RALYL,"""RGB(30,136,229)""",UNKNOWN,CY5,NFQ-MGB,,,603,639
320,N8,Sample_63,"""RGB(34,0,255)""",,,GSX1,"""RGB(67,160,71)""",UNKNOWN,FAM,NFQ-MGB,,,604,640
321,N9,Sample_71,"""RGB(170,0,255)""",,,RALYL,"""RGB(30,136,229)""",UNKNOWN,CY5,NFQ-MGB,,,605,641
321,N9,Sample_71,"""RGB(170,0,255)""",,,GSX1,"""RGB(67,160,71)""",UNKNOWN,FAM,NFQ-MGB,,,606,642
322,N10,Sample_79,"""RGB(255,0,204)""",,,RALYL,"""RGB(30,136,229)""",UNKNOWN,CY5,NFQ-MGB,,,607,643
322,N10,Sample_79,"""RGB(255,0,204)""",,,GSX1,"""RGB(67,160,71)""",UNKNOWN,FAM,NFQ-MGB,,,608,644
323,N11,Sample_87,"""RGB(255,0,68)""",,,RALYL,"""RGB(30,136,229)""",UNKNOWN,CY5,NFQ-MGB,,,609,645
323,N11,Sample_87,"""RGB(255,0,68)""",,,GSX1,"""RGB(67,160,71)""",UNKNOWN,FAM,NFQ-MGB,,,610,646
325,N13,Sample_07,"""RGB(255,102,0)""",,,DPP6,"""RGB(0,172,193)""",UNKNOWN,CY5,NFQ-MGB,,,611,649
325,N13,Sample_07,"""RGB(255,102,0)""",,,COL2A1,"""RGB(216,27,96)""",UNKNOWN,FAM,NFQ-MGB,,,612,650
326,N14,Sample_15,"""RGB(255,238,0)""",,,DPP6,"""RGB(0,172,193)""",UNKNOWN,CY5,NFQ-MGB,,,613,651
326,N14,Sample_15,"""RGB(255,238,0)""",,,COL2A1,"""RGB(216,27,96)""",UNKNOWN,FAM,NFQ-MGB,,,614,652
327,N15,Sample_23,"""RGB(136,255,0)""",,,DPP6,"""RGB(0,172,193)""",UNKNOWN,CY5,NFQ-MGB,,,615,653
327,N15,Sample_23,"""RGB(136,255,0)""",,,COL2A1,"""RGB(216,27,96)""",UNKNOWN,FAM,NFQ-MGB,,,616,654
328,N16,Sample_31,"""RGB(0,255,0)""",,,DPP6,"""RGB(0,172,193)""",UNKNOWN,CY5,NFQ-MGB,,,617,655
328,N16,Sample_31,"""RGB(0,255,0)""",,,COL2A1,"""RGB(216,27,96)""",UNKNOWN,FAM,NFQ-MGB,,,618,656
329,N17,Sample_39,"""RGB(0,255,136)""",,,DPP6,"""RGB(0,172,193)""",UNKNOWN,CY5,NFQ-MGB,,,619,657
329,N17,Sample_39,"""RGB(0,255,136)""",,,COL2A1,"""RGB(216,27,96)""",UNKNOWN,FAM,NFQ-MGB,,,620,658
330,N18,Sample_47,"""RGB(0,238,255)""",,,DPP6,"""RGB(0,172,193)""",UNKNOWN,CY5,NFQ-MGB,,,621,659
330,N18,Sample_47,"""RGB(0,238,255)""",,,COL2A1,"""RGB(216,27,96)""",UNKNOWN,FAM,NFQ-MGB,,,622,660
331,N19,Sample_55,"""RGB(0,102,255)""",,,DPP6,"""RGB(0,172,193)""",UNKNOWN,CY5,NFQ-MGB,,,623,661
331,N19,Sample_55,"""RGB(0,102,255)""",,,COL2A1,"""RGB(216,27,96)""",UNKNOWN,FAM,NFQ-MGB,,,624,662
332,N20,Sample_63,"""RGB(34,0,255)""",,,DPP6,"""RGB(0,172,193)""",UNKNOWN,CY5,NFQ-MGB,,,625,663
332,N20,Sample_63,"""RGB(34,0,255)""",,,COL2A1,"""RGB(216,27,96)""",UNKNOWN,FAM,NFQ-MGB,,,626,664
333,N21,Sample_71,"""RGB(170,0,255)""",,,DPP6,"""RGB(0,172,193)""",UNKNOWN,CY5,NFQ-MGB,,,627,665
333,N21,Sample_71,"""RGB(170,0,255)""",,,COL2A1,"""RGB(216,27,96)""",UNKNOWN,FAM,NFQ-MGB,,,628,666
334,N22,Sample_79,"""RGB(255,0,204)""",,,DPP6,"""RGB(0,172,193)""",UNKNOWN,CY5,NFQ-MGB,,,629,667
334,N22,Sample_79,"""RGB(255,0,204)""",,,COL2A1,"""RGB(216,27,96)""",UNKNOWN,FAM,NFQ-MGB,,,630,668
335,N23,Sample_87,"""RGB(255,0,68)""",,,DPP6,"""RGB(0,172,193)""",UNKNOWN,CY5,NFQ-MGB,,,631,669
335,N23,Sample_87,"""RGB(255,0,68)""",,,COL2A1,"""RGB(216,27,96)""",UNKNOWN,FAM,NFQ-MGB,,,632,670
337,O1,Sample_08,"""RGB(255,119,0)""",,,RALYL,"""RGB(30,136,229)""",UNKNOWN,CY5,NFQ-MGB,,,633,673
337,O1,Sample_08,"""RGB(255,119,0)""",,,GSX1,"""RGB(67,160,71)""",UNKNOWN,FAM,NFQ-MGB,,,634,674
338,O2,Sample_16,"""RGB(255,255,0)""",,,RALYL,"""RGB(30,136,229)""",UNKNOWN,CY5,NFQ-MGB,,,635,675
338,O2,Sample_16,"""RGB(255,255,0)""",,,GSX1,"""RGB(67,160,71)""",UNKNOWN,FAM,NFQ-MGB,,,636,676
339,O3,Sample_24,"""RGB(119,255,0)""",,,RALYL,"""RGB(30,136,229)""",UNKNOWN,CY5,NFQ-MGB,,,637,677
339,O3,Sample_24,"""RGB(119,255,0)""",,,GSX1,"""RGB(67,160,71)""",UNKNOWN,FAM,NFQ-MGB,,,638,678
340,O4,Sample_32,"""RGB(0,255,17)""",,,RALYL,"""RGB(30,136,229)""",UNKNOWN,CY5,NFQ-MGB,,,639,679
340,O4,Sample_32,"""RGB(0,255,17)""",,,GSX1,"""RGB(67,160,71)""",UNKNOWN,FAM,NFQ-MGB,,,640,680
341,O5,Sample_40,"""RGB(0,255,153)""",,,RALYL,"""RGB(30,136,229)""",UNKNOWN,CY5,NFQ-MGB,,,641,681
341,O5,Sample_40,"""RGB(0,255,153)""",,,GSX1,"""RGB(67,160,71)""",UNKNOWN,FAM,NFQ-MGB,,,642,682
342,O6,Sample_48,"""RGB(0,221,255)""",,,RALYL,"""RGB(30,136,229)""",UNKNOWN,CY5,NFQ-MGB,,,643,683
342,O6,Sample_48,"""RGB(0,221,255)""",,,GSX1,"""RGB(67,160,71)""",UNKNOWN,FAM,NFQ-MGB,,,644,684
343,O7,Sample_56,"""RGB(0,85,255)""",,,RALYL,"""RGB(30,136,229)""",UNKNOWN,CY5,NFQ-MGB,,,645,685
343,O7,Sample_56,"""RGB(0,85,255)""",,,GSX1,"""RGB(67,160,71)""",UNKNOWN,FAM,NFQ-MGB,,,646,686
344,O8,Sample_64,"""RGB(51,0,255)""",,,RALYL,"""RGB(30,136,229)""",UNKNOWN,CY5,NFQ-MGB,,,647,687
344,O8,Sample_64,"""RGB(51,0,255)""",,,GSX1,"""RGB(67,160,71)""",UNKNOWN,FAM,NFQ-MGB,,,648,688
345,O9,Sample_72,"""RGB(187,0,255)""",,,RALYL,"""RGB(30,136,229)""",UNKNOWN,CY5,NFQ-MGB,,,649,689
345,O9,Sample_72,"""RGB(187,0,255)""",,,GSX1,"""RGB(67,160,71)""",UNKNOWN,FAM,NFQ-MGB,,,650,690
346,O10,Sample_80,"""RGB(255,0,187)""",,,RALYL,"""RGB(30,136,229)""",UNKNOWN,CY5,NFQ-MGB,,,651,691
346,O10,Sample_80,"""RGB(255,0,187)""",,,GSX1,"""RGB(67,160,71)""",UNKNOWN,FAM,NFQ-MGB,,,652,692
347,O11,Sample_88,"""RGB(255,0,51)""",,,RALYL,"""RGB(30,136,229)""",UNKNOWN,CY5,NFQ-MGB,,,653,693
347,O11,Sample_88,"""RGB(255,0,51)""",,,GSX1,"""RGB(67,160,71)""",UNKNOWN,FAM,NFQ-MGB,,,654,694
349,O13,Sample_08,"""RGB(255,119,0)""",,,DPP6,"""RGB(0,172,193)""",UNKNOWN,CY5,NFQ-MGB,,,655,697
349,O13,Sample_08,"""RGB(255,119,0)""",,,COL2A1,"""RGB(216,27,96)""",UNKNOWN,FAM,NFQ-MGB,,,656,698
350,O14,Sample_16,"""RGB(255,255,0)""",,,DPP6,"""RGB(0,172,193)""",UNKNOWN,CY5,NFQ-MGB,,,657,699
350,O14,Sample_16,"""RGB(255,255,0)""",,,COL2A1,"""RGB(216,27,96)""",UNKNOWN,FAM,NFQ-MGB,,,658,700
351,O15,Sample_24,"""RGB(119,255,0)""",,,DPP6,"""RGB(0,172,193)""",UNKNOWN,CY5,NFQ-MGB,,,659,701
351,O15,Sample_24,"""RGB(119,255,0)""",,,COL2A1,"""RGB(216,27,96)""",UNKNOWN,FAM,NFQ-MGB,,,660,702
352,O16,Sample_32,"""RGB(0,255,17)""",,,DPP6,"""RGB(0,172,193)""",UNKNOWN,CY5,NFQ-MGB,,,661,703
352,O16,Sample_32,"""RGB(0,255,17)""",,,COL2A1,"""RGB(216,27,96)""",UNKNOWN,FAM,NFQ-MGB,,,662,704
353,O17,Sample_40,"""RGB(0,255,153)""",,,DPP6,"""RGB(0,172,193)""",UNKNOWN,CY5,NFQ-MGB,,,663,705
353,O17,Sample_40,"""RGB(0,255,153)""",,,COL2A1,"""RGB(216,27,96)""",UNKNOWN,FAM,NFQ-MGB,,,664,706
354,O18,Sample_48,"""RGB(0,221,255)""",,,DPP6,"""RGB(0,172,193)""",UNKNOWN,CY5,NFQ-MGB,,,665,707
354,O18,Sample_48,"""RGB(0,221,255)""",,,COL2A1,"""RGB(216,27,96)""",UNKNOWN,FAM,NFQ-MGB,,,666,708
355,O19,Sample_56,"""RGB(0,85,255)""",,,DPP6,"""RGB(0,172,193)""",UNKNOWN,CY5,NFQ-MGB,,,667,709
355,O19,Sample_56,"""RGB(0,85,255)""",,,COL2A1,"""RGB(216,27,96)""",UNKNOWN,FAM,NFQ-MGB,,,668,710
356,O20,Sample_64,"""RGB(51,0,255)""",,,DPP6,"""RGB(0,172,193)""",UNKNOWN,CY5,NFQ-MGB,,,669,711
356,O20,Sample_64,"""RGB(51,0,255)""",,,COL2A1,"""RGB(216,27,96)""",UNKNOWN,FAM,NFQ-MGB,,,670,712
357,O21,Sample_72,"""RGB(187,0,255)""",,,DPP6,"""RGB(0,172,193)""",UNKNOWN,CY5,NFQ-MGB,,,671,713
357,O21,Sample_72,"""RGB(187,0,255)""",,,COL2A1,"""RGB(216,27,96)""",UNKNOWN,FAM,NFQ-MGB,,,672,714
358,O22,Sample_80,"""RGB(255,0,187)""",,,DPP6,"""RGB(0,172,193)""",UNKNOWN,CY5,NFQ-MGB,,,673,715
358,O22,Sample_80,"""RGB(255,0,187)""",,,COL2A1,"""RGB(216,27,96)""",UNKNOWN,FAM,NFQ-MGB,,,674,716
359,O23,Sample_88,"""RGB(255,0,51)""",,,DPP6,"""RGB(0,172,193)""",UNKNOWN,CY5,NFQ-MGB,,,675,717
359,O23,Sample_88,"""RGB(255,0,51)""",,,COL2A1,"""RGB(216,27,96)""",UNKNOWN,FAM,NFQ-MGB,,,676,718
361,P1,Sample_08,"""RGB(255,119,0)""",,,RALYL,"""RGB(30,136,229)""",UNKNOWN,CY5,NFQ-MGB,,,677,721
361,P1,Sample_08,"""RGB(255,119,0)""",,,GSX1,"""RGB(67,160,71)""",UNKNOWN,FAM,NFQ-MGB,,,678,722
362,P2,Sample_16,"""RGB(255,255,0)""",,,RALYL,"""RGB(30,136,229)""",UNKNOWN,CY5,NFQ-MGB,,,679,723
362,P2,Sample_16,"""RGB(255,255,0)""",,,GSX1,"""RGB(67,160,71)""",UNKNOWN,FAM,NFQ-MGB,,,680,724
363,P3,Sample_24,"""RGB(119,255,0)""",,,RALYL,"""RGB(30,136,229)""",UNKNOWN,CY5,NFQ-MGB,,,681,725
363,P3,Sample_24,"""RGB(119,255,0)""",,,GSX1,"""RGB(67,160,71)""",UNKNOWN,FAM,NFQ-MGB,,,682,726
364,P4,Sample_32,"""RGB(0,255,17)""",,,RALYL,"""RGB(30,136,229)""",UNKNOWN,CY5,NFQ-MGB,,,683,727
364,P4,Sample_32,"""RGB(0,255,17)""",,,GSX1,"""RGB(67,160,71)""",UNKNOWN,FAM,NFQ-MGB,,,684,728
365,P5,Sample_40,"""RGB(0,255,153)""",,,RALYL,"""RGB(30,136,229)""",UNKNOWN,CY5,NFQ-MGB,,,685,729
365,P5,Sample_40,"""RGB(0,255,153)""",,,GSX1,"""RGB(67,160,71)""",UNKNOWN,FAM,NFQ-MGB,,,686,730
366,P6,Sample_48,"""RGB(0,221,255)""",,,RALYL,"""RGB(30,136,229)""",UNKNOWN,CY5,NFQ-MGB,,,687,731
366,P6,Sample_48,"""RGB(0,221,255)""",,,GSX1,"""RGB(67,160,71)""",UNKNOWN,FAM,NFQ-MGB,,,688,732
367,P7,Sample_56,"""RGB(0,85,255)""",,,RALYL,"""RGB(30,136,229)""",UNKNOWN,CY5,NFQ-MGB,,,689,733
367,P7,Sample_56,"""RGB(0,85,255)""",,,GSX1,"""RGB(67,160,71)""",UNKNOWN,FAM,NFQ-MGB,,,690,734
368,P8,Sample_64,"""RGB(51,0,255)""",,,RALYL,"""RGB(30,136,229)""",UNKNOWN,CY5,NFQ-MGB,,,691,735
368,P8,Sample_64,"""RGB(51,0,255)""",,,GSX1,"""RGB(67,160,71)""",UNKNOWN,FAM,NFQ-MGB,,,692,736
369,P9,Sample_72,"""RGB(187,0,255)""",,,RALYL,"""RGB(30,136,229)""",UNKNOWN,CY5,NFQ-MGB,,,693,737
369,P9,Sample_72,"""RGB(187,0,255)""",,,GSX1,"""RGB(67,160,71)""",UNKNOWN,FAM,NFQ-MGB,,,694,738
370,P10,Sample_80,"""RGB(255,0,187)""",,,RALYL,"""RGB(30,136,229)""",UNKNOWN,CY5,NFQ-MGB,,,695,739
370,P10,Sample_80,"""RGB(255,0,187)""",,,GSX1,"""RGB(67,160,71)""",UNKNOWN,FAM,NFQ-MGB,,,696,740
371,P11,Sample_88,"""RGB(255,0,51)""",,,RALYL,"""RGB(30,136,229)""",UNKNOWN,CY5,NFQ-MGB,,,697,741
371,P11,Sample_88,"""RGB(255,0,51)""",,,GSX1,"""RGB(67,160,71)""",UNKNOWN,FAM,NFQ-MGB,,,698,742
373,P13,Sample_08,"""RGB(255,119,0)""",,,DPP6,"""RGB(0,172,193)""",UNKNOWN,CY5,NFQ-MGB,,,699,745
373,P13,Sample_08,"""RGB(255,119,0)""",,,COL2A1,"""RGB(216,27,96)""",UNKNOWN,FAM,NFQ-MGB,,,700,746
374,P14,Sample_16,"""RGB(255,255,0)""",,,DPP6,"""RGB(0,172,193)""",UNKNOWN,CY5,NFQ-MGB,,,701,747
374,P14,Sample_16,"""RGB(255,255,0)""",,,COL2A1,"""RGB(216,27,96)""",UNKNOWN,FAM,NFQ-MGB,,,702,748
375,P15,Sample_24,"""RGB(119,255,0)""",,,DPP6,"""RGB(0,172,193)""",UNKNOWN,CY5,NFQ-MGB,,,703,749
375,P15,Sample_24,"""RGB(119,255,0)""",,,COL2A1,"""RGB(216,27,96)""",UNKNOWN,FAM,NFQ-MGB,,,704,750
376,P16,Sample_32,"""RGB(0,255,17)""",,,DPP6,"""RGB(0,172,193)""",UNKNOWN,CY5,NFQ-MGB,,,705,751
376,P16,Sample_32,"""RGB(0,255,17)""",,,COL2A1,"""RGB(216,27,96)""",UNKNOWN,FAM,NFQ-MGB,,,706,752
377,P17,Sample_40,"""RGB(0,255,153)""",,,DPP6,"""RGB(0,172,193)""",UNKNOWN,CY5,NFQ-MGB,,,707,753
377,P17,Sample_40,"""RGB(0,255,153)""",,,COL2A1,"""RGB(216,27,96)""",UNKNOWN,FAM,NFQ-MGB,,,708,754
378,P18,Sample_48,"""RGB(0,221,255)""",,,DPP6,"""RGB(0,172,193)""",UNKNOWN,CY5,NFQ-MGB,,,709,755
378,P18,Sample_48,"""RGB(0,221,255)""",,,COL2A1,"""RGB(216,27,96)""",UNKNOWN,FAM,NFQ-MGB,,,710,756
379,P19,Sample_56,"""RGB(0,85,255)""",,,DPP6,"""RGB(0,172,193)""",UNKNOWN,CY5,NFQ-MGB,,,711,757
379,P19,Sample_56,"""RGB(0,85,255)""",,,COL2A1,"""RGB(216,27,96)""",UNKNOWN,FAM,NFQ-MGB,,,712,758
380,P20,Sample_64,"""RGB(51,0,255)""",,,DPP6,"""RGB(0,172,193)""",UNKNOWN,CY5,NFQ-MGB,,,713,759
380,P20,Sample_64,"""RGB(51,0,255)""",,,COL2A1,"""RGB(216,27,96)""",UNKNOWN,FAM,NFQ-MGB,,,714,760
381,P21,Sample_72,"""RGB(187,0,255)""",,,DPP6,"""RGB(0,172,193)""",UNKNOWN,CY5,NFQ-MGB,,,715,761
381,P21,Sample_72,"""RGB(187,0,255)""",,,COL2A1,"""RGB(216,27,96)""",UNKNOWN,FAM,NFQ-MGB,,,716,762
382,P22,Sample_80,"""RGB(255,0,187)""",,,DPP6,"""RGB(0,172,193)""",UNKNOWN,CY5,NFQ-MGB,,,717,763
382,P22,Sample_80,"""RGB(255,0,187)""",,,COL2A1,"""RGB(216,27,96)""",UNKNOWN,FAM,NFQ-MGB,,,718,764
383,P23,Sample_88,"""RGB(255,0,51)""",,,DPP6,"""RGB(0,172,193)""",UNKNOWN,CY5,NFQ-MGB,,,719,765
383,P23,Sample_88,"""RGB(255,0,51)""",,,COL2A1,"""RGB(216,27,96)""",UNKNOWN,FAM,NFQ-MGB,,,720,766
108,E12,STD1,"""RGB(31,119,180)""",,,RALYL,"""RGB(30,136,229)""",UNKNOWN,CY5,NFQ-MGB,,,721,215
108,E12,STD1,"""RGB(31,119,180)""",,,GSX1,"""RGB(67,160,71)""",UNKNOWN,FAM,NFQ-MGB,,,722,216
120,E24,STD1,"""RGB(31,119,180)""",,,DPP6,"""RGB(0,172,193)""",UNKNOWN,CY5,NFQ-MGB,,,723,239
120,E24,STD1,"""RGB(31,119,180)""",,,COL2A1,"""RGB(216,27,96)""",UNKNOWN,FAM,NFQ-MGB,,,724,240
132,F12,STD1,"""RGB(31,119,180)""",,,RALYL,"""RGB(30,136,229)""",UNKNOWN,CY5,NFQ-MGB,,,725,263
132,F12,STD1,"""RGB(31,119,180)""",,,GSX1,"""RGB(67,160,71)""",UNKNOWN,FAM,NFQ-MGB,,,726,264
144,F24,STD1,"""RGB(31,119,180)""",,,DPP6,"""RGB(0,172,193)""",UNKNOWN,CY5,NFQ-MGB,,,727,287
144,F24,STD1,"""RGB(31,119,180)""",,,COL2A1,"""RGB(216,27,96)""",UNKNOWN,FAM,NFQ-MGB,,,728,288
156,G12,STD2,"""RGB(214,39,40)""",,,RALYL,"""RGB(30,136,229)""",UNKNOWN,CY5,NFQ-MGB,,,729,311
156,G12,STD2,"""RGB(214,39,40)""",,,GSX1,"""RGB(67,160,71)""",UNKNOWN,FAM,NFQ-MGB,,,730,312
168,G24,STD2,"""RGB(214,39,40)""",,,DPP6,"""RGB(0,172,193)""",UNKNOWN,CY5,NFQ-MGB,,,731,335
168,G24,STD2,"""RGB(214,39,40)""",,,COL2A1,"""RGB(216,27,96)""",UNKNOWN,FAM,NFQ-MGB,,,732,336
180,H12,STD2,"""RGB(214,39,40)""",,,RALYL,"""RGB(30,136,229)""",UNKNOWN,CY5,NFQ-MGB,,,733,359
180,H12,STD2,"""RGB(214,39,40)""",,,GSX1,"""RGB(67,160,71)""",UNKNOWN,FAM,NFQ-MGB,,,734,360
192,H24,STD2,"""RGB(214,39,40)""",,,DPP6,"""RGB(0,172,193)""",UNKNOWN,CY5,NFQ-MGB,,,735,383
192,H24,STD2,"""RGB(214,39,40)""",,,COL2A1,"""RGB(216,27,96)""",UNKNOWN,FAM,NFQ-MGB,,,736,384
204,I12,STD3,"""RGB(44,160,44)""",,,RALYL,"""RGB(30,136,229)""",UNKNOWN,CY5,NFQ-MGB,,,737,407
204,I12,STD3,"""RGB(44,160,44)""",,,GSX1,"""RGB(67,160,71)""",UNKNOWN,FAM,NFQ-MGB,,,738,408
216,I24,STD3,"""RGB(44,160,44)""",,,DPP6,"""RGB(0,172,193)""",UNKNOWN,CY5,NFQ-MGB,,,739,431
216,I24,STD3,"""RGB(44,160,44)""",,,COL2A1,"""RGB(216,27,96)""",UNKNOWN,FAM,NFQ-MGB,,,740,432
228,J12,STD3,"""RGB(44,160,44)""",,,RALYL,"""RGB(30,136,229)""",UNKNOWN,CY5,NFQ-MGB,,,741,455
228,J12,STD3,"""RGB(44,160,44)""",,,GSX1,"""RGB(67,160,71)""",UNKNOWN,FAM,NFQ-MGB,,,742,456
240,J24,STD3,"""RGB(44,160,44)""",,,DPP6,"""RGB(0,172,193)""",UNKNOWN,CY5,NFQ-MGB,,,743,479
240,J24,STD3,"""RGB(44,160,44)""",,,COL2A1,"""RGB(216,27,96)""",UNKNOWN,FAM,NFQ-MGB,,,744,480
252,K12,STD4,"""RGB(214,39,40)""",,,RALYL,"""RGB(30,136,229)""",UNKNOWN,CY5,NFQ-MGB,,,745,503
252,K12,STD4,"""RGB(214,39,40)""",,,GSX1,"""RGB(67,160,71)""",UNKNOWN,FAM,NFQ-MGB,,,746,504
264,K24,STD4,"""RGB(214,39,40)""",,,DPP6,"""RGB(0,172,193)""",UNKNOWN,CY5,NFQ-MGB,,,747,527
264,K24,STD4,"""RGB(214,39,40)""",,,COL2A1,"""RGB(216,27,96)""",UNKNOWN,FAM,NFQ-MGB,,,748,528
276,L12,STD4,"""RGB(214,39,40)""",,,RALYL,"""RGB(30,136,229)""",UNKNOWN,CY5,NFQ-MGB,,,749,551
276,L12,STD4,"""RGB(214,39,40)""",,,GSX1,"""RGB(67,160,71)""",UNKNOWN,FAM,NFQ-MGB,,,750,552
288,L24,STD4,"""RGB(214,39,40)""",,,DPP6,"""RGB(0,172,193)""",UNKNOWN,CY5,NFQ-MGB,,,751,575
288,L24,STD4,"""RGB(214,39,40)""",,,COL2A1,"""RGB(216,27,96)""",UNKNOWN,FAM,NFQ-MGB,,,752,576
300,M12,gBlock,"""RGB(148,103,189)""",,,RALYL,"""RGB(30,136,229)""",UNKNOWN,CY5,NFQ-MGB,,,753,599
300,M12,gBlock,"""RGB(148,103,189)""",,,GSX1,"""RGB(67,160,71)""",UNKNOWN,FAM,NFQ-MGB,,,754,600
312,M24,gBlock,"""RGB(148,103,189)""",,,DPP6,"""RGB(0,172,193)""",UNKNOWN,CY5,NFQ-MGB,,,755,623
312,M24,gBlock,"""RGB(148,103,189)""",,,COL2A1,"""RGB(216,27,96)""",UNKNOWN,FAM,NFQ-MGB,,,756,624
324,N12,gBlock,"""RGB(148,103,189)""",,,RALYL,"""RGB(30,136,229)""",UNKNOWN,CY5,NFQ-MGB,,,757,647
324,N12,gBlock,"""RGB(148,103,189)""",,,GSX1,"""RGB(67,160,71)""",UNKNOWN,FAM,NFQ-MGB,,,758,648
336,N24,gBlock,"""RGB(148,103,189)""",,,DPP6,"""RGB(0,172,193)""",UNKNOWN,CY5,NFQ-MGB,,,759,671
336,N24,gBlock,"""RGB(148,103,189)""",,,COL2A1,"""RGB(216,27,96)""",UNKNOWN,FAM,NFQ-MGB,,,760,672
348,O12,H2O,"""RGB(30,136,229)""",,,RALYL,"""RGB(30,136,229)""",UNKNOWN,CY5,NFQ-MGB,,,761,695
348,O12,H2O,"""RGB(30,136,229)""",,,GSX1,"""RGB(67,160,71)""",UNKNOWN,FAM,NFQ-MGB,,,762,696
360,O24,H2O,"""RGB(30,136,229)""",,,DPP6,"""RGB(0,172,193)""",UNKNOWN,CY5,NFQ-MGB,,,763,719
360,O24,H2O,"""RGB(30,136,229)""",,,COL2A1,"""RGB(216,27,96)""",UNKNOWN,FAM,NFQ-MGB,,,764,720
372,P12,H2O,"""RGB(30,136,229)""",,,RALYL,"""RGB(30,136,229)""",UNKNOWN,CY5,NFQ-MGB,,,765,743
372,P12,H2O,"""RGB(30,136,229)""",,,GSX1,"""RGB(67,160,71)""",UNKNOWN,FAM,NFQ-MGB,,,766,744
384,P24,H2O,"""RGB(30,136,229)""",,,DPP6,"""RGB(0,172,193)""",UNKNOWN,CY5,NFQ-MGB,,,767,767
384,P24,H2O,"""RGB(30,136,229)""",,,COL2A1,"""RGB(216,27,96)""",UNKNOWN,FAM,NFQ-MGB,,,768,768
